12148/bpt6k1240055q,bienaimé-feuardent_12148_bpt6k1240055q_f38.jpg,1866,f38
12148/bpt6k1240055q,bienaimé-feuardent_12148_bpt6k1240055q_f86.jpg,1866,f86
12148/bpt6k1240127r,bienaimé-feuardent_12148_bpt6k1240127r_f1.jpg,1899,f1
12148/bpt6k1240127r,bienaimé-feuardent_12148_bpt6k1240127r_f22.jpg,1899,f22
12148/bpt6k12402755,bienaimé-feuardent_12148_bpt6k12402755_f13.jpg,1870,f13
12148/bpt6k12402755,bienaimé-feuardent_12148_bpt6k12402755_f23.jpg,1870,f23
12148/bpt6k1242112x,bienaimé-feuardent_12148_bpt6k1242112x_f89.jpg,1883,f89
12148/bpt6k1242112x,bienaimé-feuardent_12148_bpt6k1242112x_f162.jpg,1883,f162
12148/bpt6k1243246c,bienaimé-feuardent_12148_bpt6k1243246c_f19.jpg,1890,f19
12148/bpt6k1243246c,bienaimé-feuardent_12148_bpt6k1243246c_f10.jpg,1890,f10
12148/bpt6k12438933,bienaimé-feuardent_12148_bpt6k12438933_f35.jpg,1877,f35
12148/bpt6k12438933,bienaimé-feuardent_12148_bpt6k12438933_f36.jpg,1877,f36
12148/bpt6k1244133q,bienaimé-feuardent_12148_bpt6k1244133q_f48.jpg,1888,f48
12148/bpt6k1244133q,bienaimé-feuardent_12148_bpt6k1244133q_f24.jpg,1888,f24
12148/bpt6k1248327x,bienaimé-feuardent_12148_bpt6k1248327x_f8.jpg,1899,f8
12148/bpt6k1248327x,bienaimé-feuardent_12148_bpt6k1248327x_f122.jpg,1899,f122
12148/bpt6k1249350g,bienaimé-feuardent_12148_bpt6k1249350g_f1.jpg,1892,f1
12148/bpt6k1249350g,bienaimé-feuardent_12148_bpt6k1249350g_f41.jpg,1892,f41
12148/bpt6k1250287n,rollin_12148_bpt6k1250287n_f13.jpg,1911,f13
12148/bpt6k1250287n,rollin_12148_bpt6k1250287n_f87.jpg,1911,f87
12148/bpt6k30434371,xviii_12148_bpt6k30434371_f23.jpg,1785,f23
12148/bpt6k30434371,xviii_12148_bpt6k30434371_f22.jpg,1785,f22
12148/bpt6k3043438f,xviii_12148_bpt6k3043438f_f26.jpg,1785,f26
12148/bpt6k3043438f,xviii_12148_bpt6k3043438f_f22.jpg,1785,f22
12148/bpt6k3043439v,xviii_12148_bpt6k3043439v_f33.jpg,1785,f33
12148/bpt6k3043439v,xviii_12148_bpt6k3043439v_f31.jpg,1785,f31
12148/bpt6k3043976v,xviii_12148_bpt6k3043976v_f275.jpg,1798,f275
12148/bpt6k3043976v,xviii_12148_bpt6k3043976v_f116.jpg,1798,f116
12148/bpt6k3044368j,xviii_12148_bpt6k3044368j_f31.jpg,1773,f31
12148/bpt6k3044368j,xviii_12148_bpt6k3044368j_f9.jpg,1773,f9
12148/bpt6k3044474m,rollin_12148_bpt6k3044474m_f19.jpg,1857,f19
12148/bpt6k3044474m,rollin_12148_bpt6k3044474m_f29.jpg,1857,f29
12148/bpt6k30444840,xviii_12148_bpt6k30444840_f39.jpg,1774,f39
12148/bpt6k30444840,xviii_12148_bpt6k30444840_f34.jpg,1774,f34
12148/bpt6k3044495s,xviii_12148_bpt6k3044495s_f33.jpg,1766,f33
12148/bpt6k3044495s,xviii_12148_bpt6k3044495s_f6.jpg,1766,f6
12148/bpt6k3044557f,bourgey_12148_bpt6k3044557f_f28.jpg,1771,f28
12148/bpt6k3044557f,bourgey_12148_bpt6k3044557f_f4.jpg,1771,f4
12148/bpt6k30446764,xviii_12148_bpt6k30446764_f55.jpg,1769,f55
12148/bpt6k30446764,xviii_12148_bpt6k30446764_f45.jpg,1769,f45
12148/bpt6k30446838,xviii_12148_bpt6k30446838_f24.jpg,1766,f24
12148/bpt6k30446838,xviii_12148_bpt6k30446838_f36.jpg,1766,f36
12148/bpt6k3044719f,xviii_12148_bpt6k3044719f_f42.jpg,1767,f42
12148/bpt6k3044719f,xviii_12148_bpt6k3044719f_f30.jpg,1767,f30
12148/bpt6k30447700,rollin_12148_bpt6k30447700_f81.jpg,1849,f81
12148/bpt6k30447700,rollin_12148_bpt6k30447700_f42.jpg,1849,f42
12148/bpt6k30447789,xviii_12148_bpt6k30447789_f2.jpg,1777,f2
12148/bpt6k30447789,xviii_12148_bpt6k30447789_f8.jpg,1777,f8
12148/bpt6k3044779q,xviii_12148_bpt6k3044779q_f11.jpg,1777,f11
12148/bpt6k3044779q,xviii_12148_bpt6k3044779q_f15.jpg,1777,f15
12148/bpt6k3044852d,xviii_12148_bpt6k3044852d_f55.jpg,1772,f55
12148/bpt6k3044852d,xviii_12148_bpt6k3044852d_f16.jpg,1772,f16
12148/bpt6k3044892x,xviii_12148_bpt6k3044892x_f16.jpg,1785,f16
12148/bpt6k3044892x,xviii_12148_bpt6k3044892x_f52.jpg,1785,f52
12148/bpt6k3044904p,rollin_12148_bpt6k3044904p_f90.jpg,1853,f90
12148/bpt6k3044904p,rollin_12148_bpt6k3044904p_f57.jpg,1853,f57
12148/bpt6k3044988c,xviii_12148_bpt6k3044988c_f22.jpg,1788,f22
12148/bpt6k3044988c,xviii_12148_bpt6k3044988c_f13.jpg,1788,f13
12148/bpt6k3044995h,xviii_12148_bpt6k3044995h_f38.jpg,1782,f38
12148/bpt6k3044995h,xviii_12148_bpt6k3044995h_f58.jpg,1782,f58
12148/bpt6k30450059,xviii_12148_bpt6k30450059_f50.jpg,1771,f50
12148/bpt6k30450059,xviii_12148_bpt6k30450059_f1.jpg,1771,f1
12148/bpt6k3045913z,xviii_12148_bpt6k3045913z_f72.jpg,1766,f72
12148/bpt6k3045913z,xviii_12148_bpt6k3045913z_f11.jpg,1766,f11
12148/bpt6k3046544f,dubois_12148_bpt6k3046544f_f79.jpg,1820,f79
12148/bpt6k3046544f,dubois_12148_bpt6k3046544f_f31.jpg,1820,f31
12148/bpt6k3052182s,xviii_12148_bpt6k3052182s_f9.jpg,1787,f9
12148/bpt6k3052182s,xviii_12148_bpt6k3052182s_f8.jpg,1787,f8
12148/bpt6k5846387v,dubois_12148_bpt6k5846387v_f40.jpg,1822,f40
12148/bpt6k5846387v,dubois_12148_bpt6k5846387v_f28.jpg,1822,f28
12148/bpt6k64608225,dubois_12148_bpt6k64608225_f156.jpg,1841,f156
12148/bpt6k64608225,dubois_12148_bpt6k64608225_f179.jpg,1841,f179
12148/bpt6k65250683,dubois_12148_bpt6k65250683_f66.jpg,1826,f66
12148/bpt6k65250683,dubois_12148_bpt6k65250683_f228.jpg,1826,f228
12148/bpt6k65255504,dubois_12148_bpt6k65255504_f108.jpg,1819,f108
12148/bpt6k65255504,dubois_12148_bpt6k65255504_f141.jpg,1819,f141
12148/bpt6k6525552z,dubois_12148_bpt6k6525552z_f61.jpg,1819,f61
12148/bpt6k6525552z,dubois_12148_bpt6k6525552z_f54.jpg,1819,f54
12148/bpt6k9629016g,dubois_12148_bpt6k9629016g_f64.jpg,1820,f64
12148/bpt6k9629016g,dubois_12148_bpt6k9629016g_f75.jpg,1820,f75
12148/bpt6k9634425j,bienaimé-feuardent_12148_bpt6k9634425j_f35.jpg,1900,f35
12148/bpt6k9634425j,bienaimé-feuardent_12148_bpt6k9634425j_f52.jpg,1900,f52
12148/bpt6k9777314p,bienaimé-feuardent_12148_bpt6k9777314p_f239.jpg,1869,f239
12148/bpt6k9777314p,bienaimé-feuardent_12148_bpt6k9777314p_f137.jpg,1869,f137
12148/bpt6k97773153,bienaimé-feuardent_12148_bpt6k97773153_f16.jpg,1905,f16
12148/bpt6k97773153,bienaimé-feuardent_12148_bpt6k97773153_f5.jpg,1905,f5
12148/bpt6k97773279,bourgey_12148_bpt6k97773279_f22.jpg,1966,f22
12148/bpt6k97773279,bourgey_12148_bpt6k97773279_f14.jpg,1966,f14
12148/bpt6k9777328q,rollin_12148_bpt6k9777328q_f35.jpg,1889,f35
12148/bpt6k9777328q,rollin_12148_bpt6k9777328q_f124.jpg,1889,f124
12148/bpt6k97773316,rollin_12148_bpt6k97773316_f34.jpg,1903,f34
12148/bpt6k97773316,rollin_12148_bpt6k97773316_f56.jpg,1903,f56
12148/bpt6k9777332m,bourgey_12148_bpt6k9777332m_f19.jpg,1959,f19
12148/bpt6k9777332m,bourgey_12148_bpt6k9777332m_f3.jpg,1959,f3
12148/bpt6k97773331,bienaimé-feuardent_12148_bpt6k97773331_f3.jpg,1890,f3
12148/bpt6k97773331,bienaimé-feuardent_12148_bpt6k97773331_f4.jpg,1890,f4
12148/bpt6k9777334f,bourgey_12148_bpt6k9777334f_f29.jpg,1966,f29
12148/bpt6k9777334f,bourgey_12148_bpt6k9777334f_f47.jpg,1966,f47
12148/bpt6k9777337p,bourgey_12148_bpt6k9777337p_f29.jpg,1964,f29
12148/bpt6k9777337p,bourgey_12148_bpt6k9777337p_f8.jpg,1964,f8
12148/bpt6k97773383,bienaimé-feuardent_12148_bpt6k97773383_f30.jpg,1906,f30
12148/bpt6k97773383,bienaimé-feuardent_12148_bpt6k97773383_f10.jpg,1906,f10
12148/bpt6k97773420,rollin_12148_bpt6k97773420_f8.jpg,1811,f8
12148/bpt6k97773420,rollin_12148_bpt6k97773420_f47.jpg,1811,f47
12148/bpt6k9777348g,rollin_12148_bpt6k9777348g_f19.jpg,1853,f19
12148/bpt6k9777348g,rollin_12148_bpt6k9777348g_f16.jpg,1853,f16
12148/bpt6k9777349w,bienaimé-feuardent_12148_bpt6k9777349w_f315.jpg,1902,f315
12148/bpt6k9777349w,bienaimé-feuardent_12148_bpt6k9777349w_f163.jpg,1902,f163
12148/bpt6k9777351z,bienaimé-feuardent_12148_bpt6k9777351z_f65.jpg,1864,f65
12148/bpt6k9777351z,bienaimé-feuardent_12148_bpt6k9777351z_f52.jpg,1864,f52
12148/bpt6k9777352c,bourgey_12148_bpt6k9777352c_f138.jpg,1992,f138
12148/bpt6k9777352c,bourgey_12148_bpt6k9777352c_f59.jpg,1992,f59
12148/bpt6k9777355m,bourgey_12148_bpt6k9777355m_f23.jpg,2005,f23
12148/bpt6k9777355m,bourgey_12148_bpt6k9777355m_f17.jpg,2005,f17
12148/bpt6k9777358v,rollin_12148_bpt6k9777358v_f21.jpg,1860,f21
12148/bpt6k9777358v,rollin_12148_bpt6k9777358v_f13.jpg,1860,f13
12148/bpt6k97773598,bourgey_12148_bpt6k97773598_f47.jpg,1954,f47
12148/bpt6k97773598,bourgey_12148_bpt6k97773598_f43.jpg,1954,f43
12148/bpt6k9777362r,bienaimé-feuardent_12148_bpt6k9777362r_f24.jpg,1881,f24
12148/bpt6k9777362r,bienaimé-feuardent_12148_bpt6k9777362r_f25.jpg,1881,f25
12148/bpt6k9777364k,bienaimé-feuardent_12148_bpt6k9777364k_f11.jpg,1892,f11
12148/bpt6k9777364k,bienaimé-feuardent_12148_bpt6k9777364k_f35.jpg,1892,f35
12148/bpt6k97773650,bourgey_12148_bpt6k97773650_f12.jpg,1965,f12
12148/bpt6k97773650,bourgey_12148_bpt6k97773650_f19.jpg,1965,f19
12148/bpt6k9777366d,bourgey_12148_bpt6k9777366d_f7.jpg,1987,f7
12148/bpt6k9777366d,bourgey_12148_bpt6k9777366d_f55.jpg,1987,f55
12148/bpt6k97773687,bourgey_12148_bpt6k97773687_f9.jpg,2008,f9
12148/bpt6k97773687,bourgey_12148_bpt6k97773687_f28.jpg,2008,f28
12148/bpt6k97773709,bourgey_12148_bpt6k97773709_f91.jpg,1999,f91
12148/bpt6k97773709,bourgey_12148_bpt6k97773709_f38.jpg,1999,f38
12148/bpt6k9777371q,bourgey_12148_bpt6k9777371q_f25.jpg,1976,f25
12148/bpt6k9777371q,bourgey_12148_bpt6k9777371q_f70.jpg,1976,f70
12148/bpt6k97773724,bourgey_12148_bpt6k97773724_f88.jpg,1960,f88
12148/bpt6k97773724,bourgey_12148_bpt6k97773724_f54.jpg,1960,f54
12148/bpt6k9777373j,bourgey_12148_bpt6k9777373j_f1.jpg,1963,f1
12148/bpt6k9777373j,bourgey_12148_bpt6k9777373j_f6.jpg,1963,f6
12148/bpt6k9777375c,bourgey_12148_bpt6k9777375c_f7.jpg,1989,f7
12148/bpt6k9777375c,bourgey_12148_bpt6k9777375c_f27.jpg,1989,f27
12148/bpt6k9777378m,rollin_12148_bpt6k9777378m_f13.jpg,1860,f13
12148/bpt6k9777378m,rollin_12148_bpt6k9777378m_f4.jpg,1860,f4
12148/bpt6k97773791,bourgey_12148_bpt6k97773791_f95.jpg,1971,f95
12148/bpt6k97773791,bourgey_12148_bpt6k97773791_f46.jpg,1971,f46
12148/bpt6k9777382h,rollin_12148_bpt6k9777382h_f16.jpg,1860,f16
12148/bpt6k9777382h,rollin_12148_bpt6k9777382h_f20.jpg,1860,f20
12148/bpt6k9777383x,rollin_12148_bpt6k9777383x_f14.jpg,1857,f14
12148/bpt6k9777383x,rollin_12148_bpt6k9777383x_f44.jpg,1857,f44
12148/bpt6k9777384b,rollin_12148_bpt6k9777384b_f18.jpg,1851,f18
12148/bpt6k9777384b,rollin_12148_bpt6k9777384b_f8.jpg,1851,f8
12148/bpt6k9777385r,bourgey_12148_bpt6k9777385r_f13.jpg,1964,f13
12148/bpt6k9777385r,bourgey_12148_bpt6k9777385r_f10.jpg,1964,f10
12148/bpt6k97773865,bourgey_12148_bpt6k97773865_f47.jpg,1964,f47
12148/bpt6k97773865,bourgey_12148_bpt6k97773865_f38.jpg,1964,f38
12148/bpt6k9777387k,bourgey_12148_bpt6k9777387k_f4.jpg,1965,f4
12148/bpt6k9777387k,bourgey_12148_bpt6k9777387k_f13.jpg,1965,f13
12148/bpt6k97773880,bourgey_12148_bpt6k97773880_f15.jpg,1949,f15
12148/bpt6k97773880,bourgey_12148_bpt6k97773880_f3.jpg,1949,f3
12148/bpt6k9777389d,rollin_12148_bpt6k9777389d_f4.jpg,1861,f4
12148/bpt6k9777389d,rollin_12148_bpt6k9777389d_f13.jpg,1861,f13
12148/bpt6k97773902,rollin_12148_bpt6k97773902_f96.jpg,1811,f96
12148/bpt6k97773902,rollin_12148_bpt6k97773902_f83.jpg,1811,f83
12148/bpt6k9777394q,bourgey_12148_bpt6k9777394q_f9.jpg,1961,f9
12148/bpt6k9777394q,bourgey_12148_bpt6k9777394q_f16.jpg,1961,f16
12148/bpt6k97774037,bourgey_12148_bpt6k97774037_f3.jpg,1962,f3
12148/bpt6k97774037,bourgey_12148_bpt6k97774037_f10.jpg,1962,f10
12148/bpt6k9777404n,rollin_12148_bpt6k9777404n_f120.jpg,1864,f120
12148/bpt6k9777404n,rollin_12148_bpt6k9777404n_f73.jpg,1864,f73
12148/bpt6k9777407w,bienaimé-feuardent_12148_bpt6k9777407w_f84.jpg,1886,f84
12148/bpt6k9777407w,bienaimé-feuardent_12148_bpt6k9777407w_f111.jpg,1886,f111
12148/bpt6k97774089,bourgey_12148_bpt6k97774089_f20.jpg,1977,f20
12148/bpt6k97774089,bourgey_12148_bpt6k97774089_f7.jpg,1977,f7
12148/bpt6k97774126,rollin_12148_bpt6k97774126_f70.jpg,1854,f70
12148/bpt6k97774126,rollin_12148_bpt6k97774126_f59.jpg,1854,f59
12148/bpt6k9777413m,bourgey_12148_bpt6k9777413m_f6.jpg,1960,f6
12148/bpt6k9777413m,bourgey_12148_bpt6k9777413m_f20.jpg,1960,f20
12148/bpt6k97774141,bourgey_12148_bpt6k97774141_f57.jpg,1911,f57
12148/bpt6k97774141,bourgey_12148_bpt6k97774141_f49.jpg,1911,f49
12148/bpt6k9777416v,bienaimé-feuardent_12148_bpt6k9777416v_f147.jpg,1890,f147
12148/bpt6k9777416v,bienaimé-feuardent_12148_bpt6k9777416v_f262.jpg,1890,f262
12148/bpt6k97774193,bourgey_12148_bpt6k97774193_f13.jpg,1990,f13
12148/bpt6k97774193,bourgey_12148_bpt6k97774193_f34.jpg,1990,f34
12148/bpt6k9777420r,bienaimé-feuardent_12148_bpt6k9777420r_f261.jpg,1886,f261
12148/bpt6k9777420r,bienaimé-feuardent_12148_bpt6k9777420r_f119.jpg,1886,f119
12148/bpt6k97774215,rollin_12148_bpt6k97774215_f24.jpg,1857,f24
12148/bpt6k97774215,rollin_12148_bpt6k97774215_f74.jpg,1857,f74
12148/bpt6k9777422k,naville_12148_bpt6k9777422k_f310.jpg,1925,f310
12148/bpt6k9777422k,naville_12148_bpt6k9777422k_f262.jpg,1925,f262
12148/bpt6k97774230,bienaimé-feuardent_12148_bpt6k97774230_f16.jpg,1888,f16
12148/bpt6k97774230,bienaimé-feuardent_12148_bpt6k97774230_f31.jpg,1888,f31
12148/bpt6k9777424d,rollin_12148_bpt6k9777424d_f26.jpg,1855,f26
12148/bpt6k9777424d,rollin_12148_bpt6k9777424d_f65.jpg,1855,f65
12148/bpt6k9777429g,rollin_12148_bpt6k9777429g_f22.jpg,1859,f22
12148/bpt6k9777429g,rollin_12148_bpt6k9777429g_f3.jpg,1859,f3
12148/bpt6k97775611,bourgey_12148_bpt6k97775611_f65.jpg,1972,f65
12148/bpt6k97775611,bourgey_12148_bpt6k97775611_f16.jpg,1972,f16
12148/bpt6k9777565p,bienaimé-feuardent_12148_bpt6k9777565p_f1.jpg,1866,f1
12148/bpt6k9777565p,bienaimé-feuardent_12148_bpt6k9777565p_f9.jpg,1866,f9
12148/bpt6k9777569b,bourgey_12148_bpt6k9777569b_f28.jpg,1912,f28
12148/bpt6k9777569b,bourgey_12148_bpt6k9777569b_f41.jpg,1912,f41
12148/bpt6k9777581s,bienaimé-feuardent_12148_bpt6k9777581s_f43.jpg,1881,f43
12148/bpt6k9777581s,bienaimé-feuardent_12148_bpt6k9777581s_f64.jpg,1881,f64
12148/bpt6k97775826,rollin_12148_bpt6k97775826_f12.jpg,1850,f12
12148/bpt6k97775826,rollin_12148_bpt6k97775826_f27.jpg,1850,f27
12148/bpt6k97775893,bourgey_12148_bpt6k97775893_f107.jpg,1978,f107
12148/bpt6k97775893,bourgey_12148_bpt6k97775893_f51.jpg,1978,f51
12148/bpt6k97775915,bienaimé-feuardent_12148_bpt6k97775915_f19.jpg,1893,f19
12148/bpt6k97775915,bienaimé-feuardent_12148_bpt6k97775915_f8.jpg,1893,f8
12148/bpt6k97775930,bourgey_12148_bpt6k97775930_f7.jpg,1963,f7
12148/bpt6k97775930,bourgey_12148_bpt6k97775930_f12.jpg,1963,f12
12148/bpt6k9777594d,bienaimé-feuardent_12148_bpt6k9777594d_f68.jpg,1886,f68
12148/bpt6k9777594d,bienaimé-feuardent_12148_bpt6k9777594d_f40.jpg,1886,f40
12148/bpt6k9777597n,bourgey_12148_bpt6k9777597n_f8.jpg,1977,f8
12148/bpt6k9777597n,bourgey_12148_bpt6k9777597n_f20.jpg,1977,f20
12148/bpt6k97775982,rollin_12148_bpt6k97775982_f13.jpg,1862,f13
12148/bpt6k97775982,rollin_12148_bpt6k97775982_f19.jpg,1862,f19
12148/bpt6k97776013,bourgey_12148_bpt6k97776013_f31.jpg,1973,f31
12148/bpt6k97776013,bourgey_12148_bpt6k97776013_f28.jpg,1973,f28
12148/bpt6k9777605r,bienaimé-feuardent_12148_bpt6k9777605r_f36.jpg,1890,f36
12148/bpt6k9777605r,bienaimé-feuardent_12148_bpt6k9777605r_f24.jpg,1890,f24
12148/bpt6k9777614q,bourgey_12148_bpt6k9777614q_f48.jpg,2002,f48
12148/bpt6k9777614q,bourgey_12148_bpt6k9777614q_f44.jpg,2002,f44
12148/bpt6k97776154,bourgey_12148_bpt6k97776154_f3.jpg,1973,f3
12148/bpt6k97776154,bourgey_12148_bpt6k97776154_f40.jpg,1973,f40
12148/bpt6k9777617z,bourgey_12148_bpt6k9777617z_f24.jpg,1988,f24
12148/bpt6k9777617z,bourgey_12148_bpt6k9777617z_f42.jpg,1988,f42
12148/bpt6k9777618c,rollin_12148_bpt6k9777618c_f68.jpg,1855,f68
12148/bpt6k9777618c,rollin_12148_bpt6k9777618c_f87.jpg,1855,f87
12148/bpt6k9777619s,bienaimé-feuardent_12148_bpt6k9777619s_f28.jpg,1883,f28
12148/bpt6k9777619s,bienaimé-feuardent_12148_bpt6k9777619s_f23.jpg,1883,f23
12148/bpt6k9777621v,bienaimé-feuardent_12148_bpt6k9777621v_f88.jpg,1899,f88
12148/bpt6k9777621v,bienaimé-feuardent_12148_bpt6k9777621v_f9.jpg,1899,f9
12148/bpt6k97776228,rollin_12148_bpt6k97776228_f20.jpg,1858,f20
12148/bpt6k97776228,rollin_12148_bpt6k97776228_f39.jpg,1858,f39
12148/bpt6k97776243,bourgey_12148_bpt6k97776243_f38.jpg,1990,f38
12148/bpt6k97776243,bourgey_12148_bpt6k97776243_f2.jpg,1990,f2
12148/bpt6k9777626x,rollin_12148_bpt6k9777626x_f4.jpg,1855,f4
12148/bpt6k9777626x,rollin_12148_bpt6k9777626x_f64.jpg,1855,f64
12148/bpt6k97776295,bienaimé-feuardent_12148_bpt6k97776295_f49.jpg,1893,f49
12148/bpt6k97776295,bienaimé-feuardent_12148_bpt6k97776295_f57.jpg,1893,f57
12148/bpt6k9777630t,bourgey_12148_bpt6k9777630t_f16.jpg,1998,f16
12148/bpt6k9777630t,bourgey_12148_bpt6k9777630t_f25.jpg,1998,f25
12148/bpt6k97776317,bourgey_12148_bpt6k97776317_f9.jpg,1986,f9
12148/bpt6k97776317,bourgey_12148_bpt6k97776317_f7.jpg,1986,f7
12148/bpt6k9777632n,bienaimé-feuardent_12148_bpt6k9777632n_f20.jpg,1858,f20
12148/bpt6k9777632n,bienaimé-feuardent_12148_bpt6k9777632n_f34.jpg,1858,f34
12148/bpt6k97776332,bourgey_12148_bpt6k97776332_f48.jpg,1991,f48
12148/bpt6k97776332,bourgey_12148_bpt6k97776332_f67.jpg,1991,f67
12148/bpt6k9777634g,bienaimé-feuardent_12148_bpt6k9777634g_f64.jpg,1904,f64
12148/bpt6k9777634g,bienaimé-feuardent_12148_bpt6k9777634g_f86.jpg,1904,f86
12148/bpt6k9777635w,bourgey_12148_bpt6k9777635w_f3.jpg,1971,f3
12148/bpt6k9777635w,bourgey_12148_bpt6k9777635w_f72.jpg,1971,f72
12148/bpt6k97776406,bourgey_12148_bpt6k97776406_f6.jpg,2001,f6
12148/bpt6k97776406,bourgey_12148_bpt6k97776406_f1.jpg,2001,f1
12148/bpt6k9777641m,bourgey_12148_bpt6k9777641m_f2.jpg,1978,f2
12148/bpt6k9777641m,bourgey_12148_bpt6k9777641m_f9.jpg,1978,f9
12148/bpt6k9777643f,bienaimé-feuardent_12148_bpt6k9777643f_f60.jpg,1890,f60
12148/bpt6k9777643f,bienaimé-feuardent_12148_bpt6k9777643f_f15.jpg,1890,f15
12148/bpt6k9777646p,bourgey_12148_bpt6k9777646p_f79.jpg,1985,f79
12148/bpt6k9777646p,bourgey_12148_bpt6k9777646p_f39.jpg,1985,f39
12148/bpt6k9777648h,bourgey_12148_bpt6k9777648h_f32.jpg,1995,f32
12148/bpt6k9777648h,bourgey_12148_bpt6k9777648h_f24.jpg,1995,f24
12148/bpt6k9777649x,bienaimé-feuardent_12148_bpt6k9777649x_f44.jpg,1885,f44
12148/bpt6k9777649x,bienaimé-feuardent_12148_bpt6k9777649x_f9.jpg,1885,f9
12148/bpt6k97776510,bienaimé-feuardent_12148_bpt6k97776510_f106.jpg,1910,f106
12148/bpt6k97776510,bienaimé-feuardent_12148_bpt6k97776510_f141.jpg,1910,f141
12148/bpt6k97777357,bourgey_12148_bpt6k97777357_f5.jpg,2003,f5
12148/bpt6k97777357,bourgey_12148_bpt6k97777357_f53.jpg,2003,f53
12148/bpt6k9777736n,bourgey_12148_bpt6k9777736n_f44.jpg,2003,f44
12148/bpt6k9777736n,bourgey_12148_bpt6k9777736n_f3.jpg,2003,f3
12148/bpt6k9777738g,bourgey_12148_bpt6k9777738g_f53.jpg,1972,f53
12148/bpt6k9777738g,bourgey_12148_bpt6k9777738g_f39.jpg,1972,f39
12148/bpt6k9777742c,rollin_12148_bpt6k9777742c_f47.jpg,1898,f47
12148/bpt6k9777742c,rollin_12148_bpt6k9777742c_f57.jpg,1898,f57
12148/bpt6k9777743s,bourgey_12148_bpt6k9777743s_f32.jpg,1975,f32
12148/bpt6k9777743s,bourgey_12148_bpt6k9777743s_f88.jpg,1975,f88
12148/bpt6k97777446,bourgey_12148_bpt6k97777446_f6.jpg,1963,f6
12148/bpt6k97777446,bourgey_12148_bpt6k97777446_f40.jpg,1963,f40
12148/bpt6k9777750x,bourgey_12148_bpt6k9777750x_f61.jpg,1957,f61
12148/bpt6k9777750x,bourgey_12148_bpt6k9777750x_f53.jpg,1957,f53
12148/bpt6k9777751b,bourgey_12148_bpt6k9777751b_f19.jpg,1997,f19
12148/bpt6k9777751b,bourgey_12148_bpt6k9777751b_f8.jpg,1997,f8
12148/bpt6k97777550,bourgey_12148_bpt6k97777550_f5.jpg,1954,f5
12148/bpt6k97777550,bourgey_12148_bpt6k97777550_f30.jpg,1954,f30
12148/bpt6k9777761q,bienaimé-feuardent_12148_bpt6k9777761q_f16.jpg,1869,f16
12148/bpt6k9777761q,bienaimé-feuardent_12148_bpt6k9777761q_f46.jpg,1869,f46
12148/bpt6k9777764z,bourgey_12148_bpt6k9777764z_f35.jpg,1979,f35
12148/bpt6k9777764z,bourgey_12148_bpt6k9777764z_f6.jpg,1979,f6
12148/bpt6k97777676,rollin_12148_bpt6k97777676_f35.jpg,1857,f35
12148/bpt6k97777676,rollin_12148_bpt6k97777676_f58.jpg,1857,f58
12148/bpt6k97777691,rollin_12148_bpt6k97777691_f50.jpg,1868,f50
12148/bpt6k97777691,rollin_12148_bpt6k97777691_f32.jpg,1868,f32
12148/bpt6k97777713,rollin_12148_bpt6k97777713_f12.jpg,1850,f12
12148/bpt6k97777713,rollin_12148_bpt6k97777713_f2.jpg,1850,f2
12148/bpt6k9777775r,bourgey_12148_bpt6k9777775r_f4.jpg,1987,f4
12148/bpt6k9777775r,bourgey_12148_bpt6k9777775r_f1.jpg,1987,f1
12148/bpt6k97777765,bienaimé-feuardent_12148_bpt6k97777765_f60.jpg,1854,f60
12148/bpt6k97777765,bienaimé-feuardent_12148_bpt6k97777765_f7.jpg,1854,f7
12148/bpt6k9777777k,bourgey_12148_bpt6k9777777k_f17.jpg,1912,f17
12148/bpt6k9777777k,bourgey_12148_bpt6k9777777k_f44.jpg,1912,f44
12148/bpt6k97777780,rollin_12148_bpt6k97777780_f41.jpg,1860,f41
12148/bpt6k97777780,rollin_12148_bpt6k97777780_f54.jpg,1860,f54
12148/bpt6k9777779d,bourgey_12148_bpt6k9777779d_f12.jpg,1944,f12
12148/bpt6k9777779d,bourgey_12148_bpt6k9777779d_f17.jpg,1944,f17
12148/bpt6k9777781g,bourgey_12148_bpt6k9777781g_f75.jpg,1962,f75
12148/bpt6k9777781g,bourgey_12148_bpt6k9777781g_f53.jpg,1962,f53
12148/bpt6k9777782w,bourgey_12148_bpt6k9777782w_f20.jpg,2007,f20
12148/bpt6k9777782w,bourgey_12148_bpt6k9777782w_f28.jpg,2007,f28
12148/bpt6k97777839,rollin_12148_bpt6k97777839_f17.jpg,1865,f17
12148/bpt6k97777839,rollin_12148_bpt6k97777839_f21.jpg,1865,f21
12148/bpt6k9777784q,bienaimé-feuardent_12148_bpt6k9777784q_f31.jpg,1895,f31
12148/bpt6k9777784q,bienaimé-feuardent_12148_bpt6k9777784q_f47.jpg,1895,f47
12148/bpt6k9777786j,rollin_12148_bpt6k9777786j_f42.jpg,1849,f42
12148/bpt6k9777786j,rollin_12148_bpt6k9777786j_f35.jpg,1849,f35
12148/bpt6k9777787z,rollin_12148_bpt6k9777787z_f25.jpg,1858,f25
12148/bpt6k9777787z,rollin_12148_bpt6k9777787z_f9.jpg,1858,f9
12148/bpt6k9777790f,rollin_12148_bpt6k9777790f_f19.jpg,1908,f19
12148/bpt6k9777790f,rollin_12148_bpt6k9777790f_f36.jpg,1908,f36
12148/bpt6k9777791v,bourgey_12148_bpt6k9777791v_f27.jpg,1986,f27
12148/bpt6k9777791v,bourgey_12148_bpt6k9777791v_f15.jpg,1986,f15
12148/bpt6k97777928,bourgey_12148_bpt6k97777928_f29.jpg,1962,f29
12148/bpt6k97777928,bourgey_12148_bpt6k97777928_f3.jpg,1962,f3
12148/bpt6k9777793p,bourgey_12148_bpt6k9777793p_f48.jpg,1988,f48
12148/bpt6k9777793p,bourgey_12148_bpt6k9777793p_f18.jpg,1988,f18
12148/bpt6k9777795h,bienaimé-feuardent_12148_bpt6k9777795h_f33.jpg,1894,f33
12148/bpt6k9777795h,bienaimé-feuardent_12148_bpt6k9777795h_f38.jpg,1894,f38
12148/bpt6k9777796x,bienaimé-feuardent_12148_bpt6k9777796x_f30.jpg,1867,f30
12148/bpt6k9777796x,bienaimé-feuardent_12148_bpt6k9777796x_f6.jpg,1867,f6
12148/bpt6k9777798r,bourgey_12148_bpt6k9777798r_f15.jpg,1987,f15
12148/bpt6k9777798r,bourgey_12148_bpt6k9777798r_f6.jpg,1987,f6
12148/bpt6k97777995,bienaimé-feuardent_12148_bpt6k97777995_f36.jpg,1866,f36
12148/bpt6k97777995,bienaimé-feuardent_12148_bpt6k97777995_f15.jpg,1866,f15
12148/bpt6k9777801s,rollin_12148_bpt6k9777801s_f8.jpg,1849,f8
12148/bpt6k9777801s,rollin_12148_bpt6k9777801s_f19.jpg,1849,f19
12148/bpt6k97778026,bourgey_12148_bpt6k97778026_f60.jpg,1985,f60
12148/bpt6k97778026,bourgey_12148_bpt6k97778026_f28.jpg,1985,f28
12148/bpt6k9777803m,bourgey_12148_bpt6k9777803m_f73.jpg,1974,f73
12148/bpt6k9777803m,bourgey_12148_bpt6k9777803m_f26.jpg,1974,f26
12148/bpt6k97778041,bienaimé-feuardent_12148_bpt6k97778041_f44.jpg,1911,f44
12148/bpt6k97778041,bienaimé-feuardent_12148_bpt6k97778041_f2.jpg,1911,f2
12148/bpt6k9777806v,bourgey_12148_bpt6k9777806v_f44.jpg,1912,f44
12148/bpt6k9777806v,bourgey_12148_bpt6k9777806v_f34.jpg,1912,f34
12148/bpt6k97778078,bourgey_12148_bpt6k97778078_f44.jpg,1970,f44
12148/bpt6k97778078,bourgey_12148_bpt6k97778078_f52.jpg,1970,f52
12148/bpt6k9777810r,bienaimé-feuardent_12148_bpt6k9777810r_f72.jpg,1895,f72
12148/bpt6k9777810r,bienaimé-feuardent_12148_bpt6k9777810r_f23.jpg,1895,f23
12148/bpt6k9777812k,bienaimé-feuardent_12148_bpt6k9777812k_f51.jpg,1886,f51
12148/bpt6k9777812k,bienaimé-feuardent_12148_bpt6k9777812k_f52.jpg,1886,f52
12148/bpt6k97778130,rollin_12148_bpt6k97778130_f10.jpg,1853,f10
12148/bpt6k97778130,rollin_12148_bpt6k97778130_f51.jpg,1853,f51
12148/bpt6k9777815t,bourgey_12148_bpt6k9777815t_f13.jpg,1965,f13
12148/bpt6k9777815t,bourgey_12148_bpt6k9777815t_f56.jpg,1965,f56
12148/bpt6k97778167,bourgey_12148_bpt6k97778167_f12.jpg,1953,f12
12148/bpt6k97778167,bourgey_12148_bpt6k97778167_f15.jpg,1953,f15
12148/bpt6k9777817n,rollin_12148_bpt6k9777817n_f93.jpg,1861,f93
12148/bpt6k9777817n,rollin_12148_bpt6k9777817n_f36.jpg,1861,f36
12148/bpt6k97778182,bienaimé-feuardent_12148_bpt6k97778182_f3.jpg,1881,f3
12148/bpt6k97778182,bienaimé-feuardent_12148_bpt6k97778182_f46.jpg,1881,f46
12148/bpt6k9777819g,bourgey_12148_bpt6k9777819g_f67.jpg,1957,f67
12148/bpt6k9777819g,bourgey_12148_bpt6k9777819g_f52.jpg,1957,f52
12148/bpt6k9777822z,bourgey_12148_bpt6k9777822z_f24.jpg,1956,f24
12148/bpt6k9777822z,bourgey_12148_bpt6k9777822z_f89.jpg,1956,f89
12148/bpt6k9777823c,bienaimé-feuardent_12148_bpt6k9777823c_f33.jpg,1867,f33
12148/bpt6k9777823c,bienaimé-feuardent_12148_bpt6k9777823c_f3.jpg,1867,f3
12148/bpt6k9777824s,bienaimé-feuardent_12148_bpt6k9777824s_f55.jpg,1887,f55
12148/bpt6k9777824s,bienaimé-feuardent_12148_bpt6k9777824s_f3.jpg,1887,f3
12148/bpt6k97779652,naville_12148_bpt6k97779652_f64.jpg,1922,f64
12148/bpt6k97779652,naville_12148_bpt6k97779652_f79.jpg,1922,f79
12148/bpt6k9777966g,bourgey_12148_bpt6k9777966g_f1.jpg,1952,f1
12148/bpt6k9777966g,bourgey_12148_bpt6k9777966g_f18.jpg,1952,f18
12148/bpt6k97779689,bienaimé-feuardent_12148_bpt6k97779689_f16.jpg,1890,f16
12148/bpt6k97779689,bienaimé-feuardent_12148_bpt6k97779689_f54.jpg,1890,f54
12148/bpt6k9777969q,bourgey_12148_bpt6k9777969q_f10.jpg,1956,f10
12148/bpt6k9777969q,bourgey_12148_bpt6k9777969q_f3.jpg,1956,f3
12148/bpt6k9777971s,bourgey_12148_bpt6k9777971s_f7.jpg,1952,f7
12148/bpt6k9777971s,bourgey_12148_bpt6k9777971s_f1.jpg,1952,f1
12148/bpt6k97779726,rollin_12148_bpt6k97779726_f78.jpg,1859,f78
12148/bpt6k97779726,rollin_12148_bpt6k97779726_f21.jpg,1859,f21
12148/bpt6k9777975f,bienaimé-feuardent_12148_bpt6k9777975f_f33.jpg,1905,f33
12148/bpt6k9777975f,bienaimé-feuardent_12148_bpt6k9777975f_f34.jpg,1905,f34
12148/bpt6k9777976v,bourgey_12148_bpt6k9777976v_f2.jpg,1942,f2
12148/bpt6k9777976v,bourgey_12148_bpt6k9777976v_f1.jpg,1942,f1
12148/bpt6k9777978p,rollin_12148_bpt6k9777978p_f18.jpg,1855,f18
12148/bpt6k9777978p,rollin_12148_bpt6k9777978p_f67.jpg,1855,f67
12148/bpt6k9777980r,bourgey_12148_bpt6k9777980r_f14.jpg,1952,f14
12148/bpt6k9777980r,bourgey_12148_bpt6k9777980r_f5.jpg,1952,f5
12148/bpt6k97779815,bourgey_12148_bpt6k97779815_f3.jpg,1953,f3
12148/bpt6k97779815,bourgey_12148_bpt6k97779815_f25.jpg,1953,f25
12148/bpt6k97779830,rollin_12148_bpt6k97779830_f18.jpg,1858,f18
12148/bpt6k97779830,rollin_12148_bpt6k97779830_f19.jpg,1858,f19
12148/bpt6k97779867,bourgey_12148_bpt6k97779867_f4.jpg,1993,f4
12148/bpt6k97779867,bourgey_12148_bpt6k97779867_f12.jpg,1993,f12
12148/bpt6k9777987n,bourgey_12148_bpt6k9777987n_f14.jpg,1950,f14
12148/bpt6k9777987n,bourgey_12148_bpt6k9777987n_f6.jpg,1950,f6
12148/bpt6k97779882,bourgey_12148_bpt6k97779882_f11.jpg,1954,f11
12148/bpt6k97779882,bourgey_12148_bpt6k97779882_f22.jpg,1954,f22
12148/bpt6k9777989g,naville_12148_bpt6k9777989g_f67.jpg,1924,f67
12148/bpt6k9777989g,naville_12148_bpt6k9777989g_f74.jpg,1924,f74
12148/bpt6k97779904,bourgey_12148_bpt6k97779904_f4.jpg,1943,f4
12148/bpt6k97779904,bourgey_12148_bpt6k97779904_f6.jpg,1943,f6
12148/bpt6k9777992z,bienaimé-feuardent_12148_bpt6k9777992z_f27.jpg,1861,f27
12148/bpt6k9777992z,bienaimé-feuardent_12148_bpt6k9777992z_f1.jpg,1861,f1
12148/bpt6k9777993c,bourgey_12148_bpt6k9777993c_f4.jpg,1978,f4
12148/bpt6k9777993c,bourgey_12148_bpt6k9777993c_f8.jpg,1978,f8
12148/bpt6k97779956,bourgey_12148_bpt6k97779956_f5.jpg,1975,f5
12148/bpt6k97779956,bourgey_12148_bpt6k97779956_f12.jpg,1975,f12
12148/bpt6k97779971,rollin_12148_bpt6k97779971_f28.jpg,1857,f28
12148/bpt6k97779971,rollin_12148_bpt6k97779971_f37.jpg,1857,f37
12148/bpt6k9777999v,bourgey_12148_bpt6k9777999v_f10.jpg,1957,f10
12148/bpt6k9777999v,bourgey_12148_bpt6k9777999v_f5.jpg,1957,f5
12148/bpt6k9778000x,bourgey_12148_bpt6k9778000x_f25.jpg,1986,f25
12148/bpt6k9778000x,bourgey_12148_bpt6k9778000x_f17.jpg,1986,f17
12148/bpt6k9778001b,bienaimé-feuardent_12148_bpt6k9778001b_f2.jpg,1904,f2
12148/bpt6k9778001b,bienaimé-feuardent_12148_bpt6k9778001b_f78.jpg,1904,f78
12148/bpt6k97780035,bourgey_12148_bpt6k97780035_f9.jpg,1944,f9
12148/bpt6k97780035,bourgey_12148_bpt6k97780035_f10.jpg,1944,f10
12148/bpt6k97780050,bourgey_12148_bpt6k97780050_f25.jpg,2005,f25
12148/bpt6k97780050,bourgey_12148_bpt6k97780050_f5.jpg,2005,f5
12148/bpt6k9778014z,bienaimé-feuardent_12148_bpt6k9778014z_f21.jpg,1899,f21
12148/bpt6k9778014z,bienaimé-feuardent_12148_bpt6k9778014z_f30.jpg,1899,f30
12148/bpt6k97780176,bienaimé-feuardent_12148_bpt6k97780176_f7.jpg,1892,f7
12148/bpt6k97780176,bienaimé-feuardent_12148_bpt6k97780176_f4.jpg,1892,f4
12148/bpt6k97780191,rollin_12148_bpt6k97780191_f83.jpg,1859,f83
12148/bpt6k97780191,rollin_12148_bpt6k97780191_f22.jpg,1859,f22
12148/bpt6k97780213,bienaimé-feuardent_12148_bpt6k97780213_f10.jpg,1888,f10
12148/bpt6k97780213,bienaimé-feuardent_12148_bpt6k97780213_f25.jpg,1888,f25
12148/bpt6k9778023x,bourgey_12148_bpt6k9778023x_f11.jpg,1955,f11
12148/bpt6k9778023x,bourgey_12148_bpt6k9778023x_f7.jpg,1955,f7
12148/bpt6k9778024b,bienaimé-feuardent_12148_bpt6k9778024b_f30.jpg,1883,f30
12148/bpt6k9778024b,bienaimé-feuardent_12148_bpt6k9778024b_f56.jpg,1883,f56
12148/bpt6k9778025r,rollin_12148_bpt6k9778025r_f44.jpg,1854,f44
12148/bpt6k9778025r,rollin_12148_bpt6k9778025r_f74.jpg,1854,f74
12148/bpt6k9778027k,bourgey_12148_bpt6k9778027k_f13.jpg,1994,f13
12148/bpt6k9778027k,bourgey_12148_bpt6k9778027k_f12.jpg,1994,f12
12148/bpt6k9778029d,bourgey_12148_bpt6k9778029d_f5.jpg,1957,f5
12148/bpt6k9778029d,bourgey_12148_bpt6k9778029d_f2.jpg,1957,f2
12148/bpt6k9778031g,bienaimé-feuardent_12148_bpt6k9778031g_f57.jpg,1893,f57
12148/bpt6k9778031g,bienaimé-feuardent_12148_bpt6k9778031g_f18.jpg,1893,f18
12148/bpt6k9778036j,bourgey_12148_bpt6k9778036j_f44.jpg,1999,f44
12148/bpt6k9778036j,bourgey_12148_bpt6k9778036j_f68.jpg,1999,f68
12148/bpt6k9778040f,bourgey_12148_bpt6k9778040f_f9.jpg,1952,f9
12148/bpt6k9778040f,bourgey_12148_bpt6k9778040f_f5.jpg,1952,f5
12148/bpt6k97780428,bienaimé-feuardent_12148_bpt6k97780428_f41.jpg,1867,f41
12148/bpt6k97780428,bienaimé-feuardent_12148_bpt6k97780428_f28.jpg,1867,f28
12148/bpt6k9778046x,bourgey_12148_bpt6k9778046x_f2.jpg,2006,f2
12148/bpt6k9778046x,bourgey_12148_bpt6k9778046x_f3.jpg,2006,f3
12148/bpt6k9778048r,bourgey_12148_bpt6k9778048r_f5.jpg,1976,f5
12148/bpt6k9778048r,bourgey_12148_bpt6k9778048r_f4.jpg,1976,f4
12148/bpt6k97780495,bourgey_12148_bpt6k97780495_f1.jpg,1949,f1
12148/bpt6k97780495,bourgey_12148_bpt6k97780495_f20.jpg,1949,f20
12148/bpt6k9778050t,bourgey_12148_bpt6k9778050t_f5.jpg,1949,f5
12148/bpt6k9778050t,bourgey_12148_bpt6k9778050t_f4.jpg,1949,f4
12148/bpt6k97780517,rollin_12148_bpt6k97780517_f80.jpg,1911,f80
12148/bpt6k97780517,rollin_12148_bpt6k97780517_f17.jpg,1911,f17
12148/bpt6k9778052n,bienaimé-feuardent_12148_bpt6k9778052n_f54.jpg,1886,f54
12148/bpt6k9778052n,bienaimé-feuardent_12148_bpt6k9778052n_f24.jpg,1886,f24
12148/bpt6k97780532,bourgey_12148_bpt6k97780532_f11.jpg,1976,f11
12148/bpt6k97780532,bourgey_12148_bpt6k97780532_f8.jpg,1976,f8
12148/bpt6k9778055w,bourgey_12148_bpt6k9778055w_f2.jpg,2003,f2
12148/bpt6k9778055w,bourgey_12148_bpt6k9778055w_f13.jpg,2003,f13
12148/bpt6k97780584,rollin_12148_bpt6k97780584_f103.jpg,1866,f103
12148/bpt6k97780584,rollin_12148_bpt6k97780584_f83.jpg,1866,f83
12148/bpt6k9778061m,bourgey_12148_bpt6k9778061m_f1.jpg,1957,f1
12148/bpt6k9778061m,bourgey_12148_bpt6k9778061m_f5.jpg,1957,f5
12148/bpt6k9778063f,bourgey_12148_bpt6k9778063f_f17.jpg,1952,f17
12148/bpt6k9778063f,bourgey_12148_bpt6k9778063f_f2.jpg,1952,f2
12148/bpt6k9778064v,bienaimé-feuardent_12148_bpt6k9778064v_f54.jpg,1907,f54
12148/bpt6k9778064v,bienaimé-feuardent_12148_bpt6k9778064v_f45.jpg,1907,f45
12148/bpt6k97780673,naville_12148_bpt6k97780673_f15.jpg,1938,f15
12148/bpt6k97780673,naville_12148_bpt6k97780673_f40.jpg,1938,f40
12148/bpt6k9778068h,bourgey_12148_bpt6k9778068h_f18.jpg,1977,f18
12148/bpt6k9778068h,bourgey_12148_bpt6k9778068h_f20.jpg,1977,f20
12148/bpt6k9778070k,bourgey_12148_bpt6k9778070k_f8.jpg,2010,f8
12148/bpt6k9778070k,bourgey_12148_bpt6k9778070k_f49.jpg,2010,f49
12148/bpt6k9778072d,bourgey_12148_bpt6k9778072d_f28.jpg,1977,f28
12148/bpt6k9778072d,bourgey_12148_bpt6k9778072d_f87.jpg,1977,f87
12148/bpt6k97780747,bourgey_12148_bpt6k97780747_f36.jpg,1981,f36
12148/bpt6k97780747,bourgey_12148_bpt6k97780747_f71.jpg,1981,f71
12148/bpt6k9778075n,bourgey_12148_bpt6k9778075n_f6.jpg,2005,f6
12148/bpt6k9778075n,bourgey_12148_bpt6k9778075n_f31.jpg,2005,f31
12148/bpt6k9778082s,bourgey_12148_bpt6k9778082s_f82.jpg,1976,f82
12148/bpt6k9778082s,bourgey_12148_bpt6k9778082s_f91.jpg,1976,f91
12148/bpt6k97780836,bourgey_12148_bpt6k97780836_f7.jpg,1968,f7
12148/bpt6k97780836,bourgey_12148_bpt6k97780836_f10.jpg,1968,f10
12148/bpt6k9778086f,bourgey_12148_bpt6k9778086f_f2.jpg,2000,f2
12148/bpt6k9778086f,bourgey_12148_bpt6k9778086f_f10.jpg,2000,f10
12148/bpt6k9778087v,bourgey_12148_bpt6k9778087v_f17.jpg,1953,f17
12148/bpt6k9778087v,bourgey_12148_bpt6k9778087v_f1.jpg,1953,f1
12148/bpt6k97780888,bourgey_12148_bpt6k97780888_f10.jpg,1977,f10
12148/bpt6k97780888,bourgey_12148_bpt6k97780888_f15.jpg,1977,f15
12148/bpt6k9778090b,bourgey_12148_bpt6k9778090b_f11.jpg,1953,f11
12148/bpt6k9778090b,bourgey_12148_bpt6k9778090b_f18.jpg,1953,f18
12148/bpt6k97780925,rollin_12148_bpt6k97780925_f8.jpg,1859,f8
12148/bpt6k97780925,rollin_12148_bpt6k97780925_f5.jpg,1859,f5
12148/bpt6k9778093k,bienaimé-feuardent_12148_bpt6k9778093k_f13.jpg,1881,f13
12148/bpt6k9778093k,bienaimé-feuardent_12148_bpt6k9778093k_f10.jpg,1881,f10
12148/bpt6k97780940,bourgey_12148_bpt6k97780940_f3.jpg,1951,f3
12148/bpt6k97780940,bourgey_12148_bpt6k97780940_f12.jpg,1951,f12
12148/bpt6k97781023,bourgey_12148_bpt6k97781023_f21.jpg,1955,f21
12148/bpt6k97781023,bourgey_12148_bpt6k97781023_f11.jpg,1955,f11
12148/bpt6k9778103h,bourgey_12148_bpt6k9778103h_f11.jpg,1942,f11
12148/bpt6k9778103h,bourgey_12148_bpt6k9778103h_f5.jpg,1942,f5
12148/bpt6k9778105b,bourgey_12148_bpt6k9778105b_f3.jpg,1977,f3
12148/bpt6k9778105b,bourgey_12148_bpt6k9778105b_f1.jpg,1977,f1
12148/bpt6k97781090,bourgey_12148_bpt6k97781090_f1.jpg,1975,f1
12148/bpt6k97781090,bourgey_12148_bpt6k97781090_f2.jpg,1975,f2
12148/bpt6k97781112,bourgey_12148_bpt6k97781112_f18.jpg,1984,f18
12148/bpt6k97781112,bourgey_12148_bpt6k97781112_f42.jpg,1984,f42
12148/bpt6k9778112g,bourgey_12148_bpt6k9778112g_f24.jpg,1963,f24
12148/bpt6k9778112g,bourgey_12148_bpt6k9778112g_f23.jpg,1963,f23
12148/bpt6k9778117j,bourgey_12148_bpt6k9778117j_f6.jpg,1958,f6
12148/bpt6k9778117j,bourgey_12148_bpt6k9778117j_f12.jpg,1958,f12
12148/bpt6k9778129r,bourgey_12148_bpt6k9778129r_f15.jpg,1983,f15
12148/bpt6k9778129r,bourgey_12148_bpt6k9778129r_f13.jpg,1983,f13
12148/bpt6k9778130d,bourgey_12148_bpt6k9778130d_f12.jpg,1958,f12
12148/bpt6k9778130d,bourgey_12148_bpt6k9778130d_f17.jpg,1958,f17
12148/bpt6k97781327,bourgey_12148_bpt6k97781327_f77.jpg,1907,f77
12148/bpt6k97781327,bourgey_12148_bpt6k97781327_f18.jpg,1907,f18
12148/bpt6k97781379,bourgey_12148_bpt6k97781379_f6.jpg,1958,f6
12148/bpt6k97781379,bourgey_12148_bpt6k97781379_f2.jpg,1958,f2
12148/bpt6k9778138q,bienaimé-feuardent_12148_bpt6k9778138q_f62.jpg,1886,f62
12148/bpt6k9778138q,bienaimé-feuardent_12148_bpt6k9778138q_f40.jpg,1886,f40
12148/bpt6k97781394,naville_12148_bpt6k97781394_f19.jpg,1921,f19
12148/bpt6k97781394,naville_12148_bpt6k97781394_f21.jpg,1921,f21
12148/bpt6k9778144f,bienaimé-feuardent_12148_bpt6k9778144f_f16.jpg,1908,f16
12148/bpt6k9778144f,bienaimé-feuardent_12148_bpt6k9778144f_f20.jpg,1908,f20
12148/bpt6k9778145v,bienaimé-feuardent_12148_bpt6k9778145v_f36.jpg,1881,f36
12148/bpt6k9778145v,bienaimé-feuardent_12148_bpt6k9778145v_f40.jpg,1881,f40
12148/bpt6k97781468,bourgey_12148_bpt6k97781468_f4.jpg,1974,f4
12148/bpt6k97781468,bourgey_12148_bpt6k97781468_f10.jpg,1974,f10
12148/bpt6k97781483,bienaimé-feuardent_12148_bpt6k97781483_f48.jpg,1879,f48
12148/bpt6k97781483,bienaimé-feuardent_12148_bpt6k97781483_f24.jpg,1879,f24
12148/bpt6k9778151k,bourgey_12148_bpt6k9778151k_f30.jpg,1908,f30
12148/bpt6k9778151k,bourgey_12148_bpt6k9778151k_f47.jpg,1908,f47
12148/bpt6k97781520,bourgey_12148_bpt6k97781520_f35.jpg,1953,f35
12148/bpt6k97781520,bourgey_12148_bpt6k97781520_f7.jpg,1953,f7
12148/bpt6k97781557,bienaimé-feuardent_12148_bpt6k97781557_f60.jpg,1864,f60
12148/bpt6k97781557,bienaimé-feuardent_12148_bpt6k97781557_f67.jpg,1864,f67
12148/bpt6k9778156n,bourgey_12148_bpt6k9778156n_f10.jpg,2004,f10
12148/bpt6k9778156n,bourgey_12148_bpt6k9778156n_f66.jpg,2004,f66
12148/bpt6k9778158g,bienaimé-feuardent_12148_bpt6k9778158g_f14.jpg,1900,f14
12148/bpt6k9778158g,bienaimé-feuardent_12148_bpt6k9778158g_f45.jpg,1900,f45
12148/bpt6k9778161z,rollin_12148_bpt6k9778161z_f13.jpg,1854,f13
12148/bpt6k9778161z,rollin_12148_bpt6k9778161z_f12.jpg,1854,f12
12148/bpt6k9778165m,bourgey_12148_bpt6k9778165m_f20.jpg,1957,f20
12148/bpt6k9778165m,bourgey_12148_bpt6k9778165m_f16.jpg,1957,f16
12148/bpt6k97781661,bourgey_12148_bpt6k97781661_f11.jpg,1996,f11
12148/bpt6k97781661,bourgey_12148_bpt6k97781661_f7.jpg,1996,f7
12148/bpt6k9778167f,bourgey_12148_bpt6k9778167f_f31.jpg,1973,f31
12148/bpt6k9778167f,bourgey_12148_bpt6k9778167f_f58.jpg,1973,f58
12148/bpt6k9778168v,bourgey_12148_bpt6k9778168v_f32.jpg,2004,f32
12148/bpt6k9778168v,bourgey_12148_bpt6k9778168v_f33.jpg,2004,f33
12148/bpt6k97781698,bourgey_12148_bpt6k97781698_f38.jpg,1971,f38
12148/bpt6k97781698,bourgey_12148_bpt6k97781698_f46.jpg,1971,f46
12148/bpt6k9778171b,bourgey_12148_bpt6k9778171b_f57.jpg,2006,f57
12148/bpt6k9778171b,bourgey_12148_bpt6k9778171b_f16.jpg,2006,f16
12148/bpt6k9778172r,bourgey_12148_bpt6k9778172r_f61.jpg,1981,f61
12148/bpt6k9778172r,bourgey_12148_bpt6k9778172r_f26.jpg,1981,f26
12148/bpt6k97781750,bourgey_12148_bpt6k97781750_f21.jpg,1956,f21
12148/bpt6k97781750,bourgey_12148_bpt6k97781750_f24.jpg,1956,f24
12148/bpt6k9778176d,bienaimé-feuardent_12148_bpt6k9778176d_f18.jpg,1894,f18
12148/bpt6k9778176d,bienaimé-feuardent_12148_bpt6k9778176d_f66.jpg,1894,f66
12148/bpt6k9778177t,rollin_12148_bpt6k9778177t_f34.jpg,1860,f34
12148/bpt6k9778177t,rollin_12148_bpt6k9778177t_f29.jpg,1860,f29
12148/bpt6k9778179n,bienaimé-feuardent_12148_bpt6k9778179n_f24.jpg,1864,f24
12148/bpt6k9778179n,bienaimé-feuardent_12148_bpt6k9778179n_f34.jpg,1864,f34
12148/bpt6k9778181q,bourgey_12148_bpt6k9778181q_f15.jpg,1989,f15
12148/bpt6k9778181q,bourgey_12148_bpt6k9778181q_f6.jpg,1989,f6
12148/bpt6k97781824,bienaimé-feuardent_12148_bpt6k97781824_f122.jpg,1885,f122
12148/bpt6k97781824,bienaimé-feuardent_12148_bpt6k97781824_f115.jpg,1885,f115
12148/bpt6k9778183j,bienaimé-feuardent_12148_bpt6k9778183j_f65.jpg,1889,f65
12148/bpt6k9778183j,bienaimé-feuardent_12148_bpt6k9778183j_f83.jpg,1889,f83
12148/bpt6k97781876,bienaimé-feuardent_12148_bpt6k97781876_f78.jpg,1886,f78
12148/bpt6k97781876,bienaimé-feuardent_12148_bpt6k97781876_f41.jpg,1886,f41
12148/bpt6k9778192h,bienaimé-feuardent_12148_bpt6k9778192h_f14.jpg,1879,f14
12148/bpt6k9778192h,bienaimé-feuardent_12148_bpt6k9778192h_f19.jpg,1879,f19
12148/bpt6k9778211d,bourgey_12148_bpt6k9778211d_f12.jpg,1983,f12
12148/bpt6k9778211d,bourgey_12148_bpt6k9778211d_f22.jpg,1983,f22
12148/bpt6k97782189,rollin_12148_bpt6k97782189_f24.jpg,1898,f24
12148/bpt6k97782189,rollin_12148_bpt6k97782189_f7.jpg,1898,f7
12148/bpt6k9778221s,bourgey_12148_bpt6k9778221s_f63.jpg,1986,f63
12148/bpt6k9778221s,bourgey_12148_bpt6k9778221s_f44.jpg,1986,f44
12148/bpt6k97782226,bourgey_12148_bpt6k97782226_f14.jpg,1971,f14
12148/bpt6k97782226,bourgey_12148_bpt6k97782226_f2.jpg,1971,f2
12148/bpt6k97782241,bourgey_12148_bpt6k97782241_f9.jpg,1948,f9
12148/bpt6k97782241,bourgey_12148_bpt6k97782241_f20.jpg,1948,f20
12148/bpt6k9778226v,rollin_12148_bpt6k9778226v_f13.jpg,1852,f13
12148/bpt6k9778226v,rollin_12148_bpt6k9778226v_f114.jpg,1852,f114
12148/bpt6k97782278,bourgey_12148_bpt6k97782278_f4.jpg,2003,f4
12148/bpt6k97782278,bourgey_12148_bpt6k97782278_f9.jpg,2003,f9
12148/bpt6k97782293,bourgey_12148_bpt6k97782293_f2.jpg,1953,f2
12148/bpt6k97782293,bourgey_12148_bpt6k97782293_f6.jpg,1953,f6
12148/bpt6k9778232k,bourgey_12148_bpt6k9778232k_f1.jpg,1976,f1
12148/bpt6k9778232k,bourgey_12148_bpt6k9778232k_f2.jpg,1976,f2
12148/bpt6k9778235t,bourgey_12148_bpt6k9778235t_f11.jpg,2001,f11
12148/bpt6k9778235t,bourgey_12148_bpt6k9778235t_f8.jpg,2001,f8
12148/bpt6k9778237n,bourgey_12148_bpt6k9778237n_f15.jpg,1983,f15
12148/bpt6k9778237n,bourgey_12148_bpt6k9778237n_f11.jpg,1983,f11
12148/bpt6k97782382,bienaimé-feuardent_12148_bpt6k97782382_f24.jpg,1905,f24
12148/bpt6k97782382,bienaimé-feuardent_12148_bpt6k97782382_f56.jpg,1905,f56
12148/bpt6k9778244s,bourgey_12148_bpt6k9778244s_f4.jpg,1957,f4
12148/bpt6k9778244s,bourgey_12148_bpt6k9778244s_f1.jpg,1957,f1
12148/bpt6k97782456,bienaimé-feuardent_12148_bpt6k97782456_f7.jpg,1883,f7
12148/bpt6k97782456,bienaimé-feuardent_12148_bpt6k97782456_f15.jpg,1883,f15
12148/bpt6k97782471,bourgey_12148_bpt6k97782471_f14.jpg,1959,f14
12148/bpt6k97782471,bourgey_12148_bpt6k97782471_f12.jpg,1959,f12
12148/bpt6k97782634,bourgey_12148_bpt6k97782634_f29.jpg,1995,f29
12148/bpt6k97782634,bourgey_12148_bpt6k97782634_f72.jpg,1995,f72
12148/bpt6k97782686,bourgey_12148_bpt6k97782686_f52.jpg,1998,f52
12148/bpt6k97782686,bourgey_12148_bpt6k97782686_f6.jpg,1998,f6
12148/bpt6k9778269m,bourgey_12148_bpt6k9778269m_f23.jpg,1987,f23
12148/bpt6k9778269m,bourgey_12148_bpt6k9778269m_f9.jpg,1987,f9
12148/bpt6k97782708,rollin_12148_bpt6k97782708_f42.jpg,1868,f42
12148/bpt6k97782708,rollin_12148_bpt6k97782708_f36.jpg,1868,f36
12148/bpt6k97782723,bourgey_12148_bpt6k97782723_f112.jpg,1997,f112
12148/bpt6k97782723,bourgey_12148_bpt6k97782723_f93.jpg,1997,f93
12148/bpt6k9778273h,bourgey_12148_bpt6k9778273h_f5.jpg,1954,f5
12148/bpt6k9778273h,bourgey_12148_bpt6k9778273h_f38.jpg,1954,f38
12148/bpt6k9778274x,bourgey_12148_bpt6k9778274x_f65.jpg,1995,f65
12148/bpt6k9778274x,bourgey_12148_bpt6k9778274x_f12.jpg,1995,f12
12148/bpt6k9778276r,bienaimé-feuardent_12148_bpt6k9778276r_f28.jpg,1884,f28
12148/bpt6k9778276r,bienaimé-feuardent_12148_bpt6k9778276r_f67.jpg,1884,f67
12148/bpt6k9778278k,bourgey_12148_bpt6k9778278k_f19.jpg,1912,f19
12148/bpt6k9778278k,bourgey_12148_bpt6k9778278k_f30.jpg,1912,f30
12148/bpt6k9778282g,bienaimé-feuardent_12148_bpt6k9778282g_f47.jpg,1879,f47
12148/bpt6k9778282g,bienaimé-feuardent_12148_bpt6k9778282g_f19.jpg,1879,f19
12148/bpt6k9778283w,bourgey_12148_bpt6k9778283w_f10.jpg,1958,f10
12148/bpt6k9778283w,bourgey_12148_bpt6k9778283w_f28.jpg,1958,f28
12148/bpt6k97782849,bourgey_12148_bpt6k97782849_f1.jpg,1997,f1
12148/bpt6k97782849,bourgey_12148_bpt6k97782849_f55.jpg,1997,f55
12148/bpt6k9778285q,bourgey_12148_bpt6k9778285q_f32.jpg,1975,f32
12148/bpt6k9778285q,bourgey_12148_bpt6k9778285q_f103.jpg,1975,f103
12148/bpt6k97782864,bourgey_12148_bpt6k97782864_f22.jpg,1958,f22
12148/bpt6k97782864,bourgey_12148_bpt6k97782864_f24.jpg,1958,f24
12148/bpt6k97782901,bourgey_12148_bpt6k97782901_f2.jpg,1985,f2
12148/bpt6k97782901,bourgey_12148_bpt6k97782901_f4.jpg,1985,f4
12148/bpt6k9778291f,bourgey_12148_bpt6k9778291f_f45.jpg,1955,f45
12148/bpt6k9778291f,bourgey_12148_bpt6k9778291f_f39.jpg,1955,f39
12148/bpt6k9778294p,bienaimé-feuardent_12148_bpt6k9778294p_f6.jpg,1888,f6
12148/bpt6k9778294p,bienaimé-feuardent_12148_bpt6k9778294p_f44.jpg,1888,f44
12148/bpt6k9778296h,bienaimé-feuardent_12148_bpt6k9778296h_f45.jpg,1876,f45
12148/bpt6k9778296h,bienaimé-feuardent_12148_bpt6k9778296h_f46.jpg,1876,f46
12148/bpt6k97783036,bourgey_12148_bpt6k97783036_f5.jpg,1952,f5
12148/bpt6k97783036,bourgey_12148_bpt6k97783036_f11.jpg,1952,f11
12148/bpt6k97783088,bourgey_12148_bpt6k97783088_f7.jpg,1975,f7
12148/bpt6k97783088,bourgey_12148_bpt6k97783088_f6.jpg,1975,f6
12148/bpt6k9778316t,bourgey_12148_bpt6k9778316t_f15.jpg,1982,f15
12148/bpt6k9778316t,bourgey_12148_bpt6k9778316t_f1.jpg,1982,f1
12148/bpt6k9778329f,bourgey_12148_bpt6k9778329f_f28.jpg,1939,f28
12148/bpt6k9778329f,bourgey_12148_bpt6k9778329f_f17.jpg,1939,f17
12148/bpt6k9778336k,bourgey_12148_bpt6k9778336k_f6.jpg,1954,f6
12148/bpt6k9778336k,bourgey_12148_bpt6k9778336k_f2.jpg,1954,f2
12148/bpt6k9778339t,bourgey_12148_bpt6k9778339t_f10.jpg,1958,f10
12148/bpt6k9778339t,bourgey_12148_bpt6k9778339t_f7.jpg,1958,f7
12148/bpt6k9778341w,bourgey_12148_bpt6k9778341w_f7.jpg,2010,f7
12148/bpt6k9778341w,bourgey_12148_bpt6k9778341w_f19.jpg,2010,f19
12148/bpt6k9778355x,bourgey_12148_bpt6k9778355x_f105.jpg,1959,f105
12148/bpt6k9778355x,bourgey_12148_bpt6k9778355x_f117.jpg,1959,f117
12148/bpt6k97783607,bourgey_12148_bpt6k97783607_f6.jpg,1962,f6
12148/bpt6k97783607,bourgey_12148_bpt6k97783607_f12.jpg,1962,f12
12148/bpt6k97783622,bienaimé-feuardent_12148_bpt6k97783622_f12.jpg,1876,f12
12148/bpt6k97783622,bienaimé-feuardent_12148_bpt6k97783622_f3.jpg,1876,f3
12148/bpt6k9778369z,bourgey_12148_bpt6k9778369z_f20.jpg,1908,f20
12148/bpt6k9778369z,bourgey_12148_bpt6k9778369z_f21.jpg,1908,f21
12148/bpt6k9778372f,bourgey_12148_bpt6k9778372f_f37.jpg,1952,f37
12148/bpt6k9778372f,bourgey_12148_bpt6k9778372f_f41.jpg,1952,f41
12148/bpt6k97783748,bourgey_12148_bpt6k97783748_f17.jpg,2001,f17
12148/bpt6k97783748,bourgey_12148_bpt6k97783748_f7.jpg,2001,f7
12148/bpt6k9778375p,bourgey_12148_bpt6k9778375p_f1.jpg,1996,f1
12148/bpt6k9778375p,bourgey_12148_bpt6k9778375p_f64.jpg,1996,f64
12148/bpt6k9778377h,bourgey_12148_bpt6k9778377h_f34.jpg,1966,f34
12148/bpt6k9778377h,bourgey_12148_bpt6k9778377h_f48.jpg,1966,f48
12148/bpt6k97783800,bourgey_12148_bpt6k97783800_f28.jpg,1958,f28
12148/bpt6k97783800,bourgey_12148_bpt6k97783800_f6.jpg,1958,f6
12148/bpt6k9778382t,bourgey_12148_bpt6k9778382t_f53.jpg,1908,f53
12148/bpt6k9778382t,bourgey_12148_bpt6k9778382t_f34.jpg,1908,f34
12148/bpt6k97783837,bienaimé-feuardent_12148_bpt6k97783837_f29.jpg,1885,f29
12148/bpt6k97783837,bienaimé-feuardent_12148_bpt6k97783837_f26.jpg,1885,f26
12148/bpt6k9778384n,bienaimé-feuardent_12148_bpt6k9778384n_f29.jpg,1874,f29
12148/bpt6k9778384n,bienaimé-feuardent_12148_bpt6k9778384n_f38.jpg,1874,f38
12148/bpt6k97783889,bienaimé-feuardent_12148_bpt6k97783889_f56.jpg,1903,f56
12148/bpt6k97783889,bienaimé-feuardent_12148_bpt6k97783889_f6.jpg,1903,f6
12148/bpt6k97783941,rollin_12148_bpt6k97783941_f17.jpg,1860,f17
12148/bpt6k97783941,rollin_12148_bpt6k97783941_f8.jpg,1860,f8
12148/bpt6k9778396v,bourgey_12148_bpt6k9778396v_f3.jpg,1979,f3
12148/bpt6k9778396v,bourgey_12148_bpt6k9778396v_f16.jpg,1979,f16
12148/bpt6k9778398p,bourgey_12148_bpt6k9778398p_f2.jpg,1986,f2
12148/bpt6k9778398p,bourgey_12148_bpt6k9778398p_f1.jpg,1986,f1
12148/bpt6k97784009,bourgey_12148_bpt6k97784009_f13.jpg,1979,f13
12148/bpt6k97784009,bourgey_12148_bpt6k97784009_f5.jpg,1979,f5
12148/bpt6k9778405c,bourgey_12148_bpt6k9778405c_f9.jpg,1962,f9
12148/bpt6k9778405c,bourgey_12148_bpt6k9778405c_f25.jpg,1962,f25
12148/bpt6k9778406s,rollin_12148_bpt6k9778406s_f74.jpg,1911,f74
12148/bpt6k9778406s,rollin_12148_bpt6k9778406s_f36.jpg,1911,f36
12148/bpt6k9778414b,bourgey_12148_bpt6k9778414b_f70.jpg,1908,f70
12148/bpt6k9778414b,bourgey_12148_bpt6k9778414b_f69.jpg,1908,f69
12148/bpt6k9778415r,rollin_12148_bpt6k9778415r_f39.jpg,1859,f39
12148/bpt6k9778415r,rollin_12148_bpt6k9778415r_f4.jpg,1859,f4
12148/bpt6k9778421g,bienaimé-feuardent_12148_bpt6k9778421g_f7.jpg,1884,f7
12148/bpt6k9778421g,bienaimé-feuardent_12148_bpt6k9778421g_f40.jpg,1884,f40
12148/bpt6k9778422w,bienaimé-feuardent_12148_bpt6k9778422w_f65.jpg,1864,f65
12148/bpt6k9778422w,bienaimé-feuardent_12148_bpt6k9778422w_f88.jpg,1864,f88
12148/bpt6k97784239,bourgey_12148_bpt6k97784239_f2.jpg,1983,f2
12148/bpt6k97784239,bourgey_12148_bpt6k97784239_f30.jpg,1983,f30
12148/bpt6k9778451m,rollin_12148_bpt6k9778451m_f16.jpg,1860,f16
12148/bpt6k9778451m,rollin_12148_bpt6k9778451m_f33.jpg,1860,f33
12148/bpt6k97784521,rollin_12148_bpt6k97784521_f33.jpg,1860,f33
12148/bpt6k97784521,rollin_12148_bpt6k97784521_f2.jpg,1860,f2
12148/bpt6k9778453f,rollin_12148_bpt6k9778453f_f5.jpg,1850,f5
12148/bpt6k9778453f,rollin_12148_bpt6k9778453f_f7.jpg,1850,f7
12148/bpt6k97784558,rollin_12148_bpt6k97784558_f55.jpg,1856,f55
12148/bpt6k97784558,rollin_12148_bpt6k97784558_f23.jpg,1856,f23
12148/bpt6k97784573,bienaimé-feuardent_12148_bpt6k97784573_f44.jpg,1884,f44
12148/bpt6k97784573,bienaimé-feuardent_12148_bpt6k97784573_f27.jpg,1884,f27
12148/bpt6k9778458h,bourgey_12148_bpt6k9778458h_f5.jpg,1977,f5
12148/bpt6k9778458h,bourgey_12148_bpt6k9778458h_f2.jpg,1977,f2
12148/bpt6k9778459x,rollin_12148_bpt6k9778459x_f65.jpg,1869,f65
12148/bpt6k9778459x,rollin_12148_bpt6k9778459x_f52.jpg,1869,f52
12148/bpt6k9778460k,bourgey_12148_bpt6k9778460k_f12.jpg,1975,f12
12148/bpt6k9778460k,bourgey_12148_bpt6k9778460k_f11.jpg,1975,f11
12148/bpt6k97784610,bourgey_12148_bpt6k97784610_f19.jpg,1998,f19
12148/bpt6k97784610,bourgey_12148_bpt6k97784610_f9.jpg,1998,f9
12148/bpt6k9778462d,bourgey_12148_bpt6k9778462d_f5.jpg,1939,f5
12148/bpt6k9778462d,bourgey_12148_bpt6k9778462d_f1.jpg,1939,f1
12148/bpt6k9778463t,bourgey_12148_bpt6k9778463t_f6.jpg,1939,f6
12148/bpt6k9778463t,bourgey_12148_bpt6k9778463t_f1.jpg,1939,f1
12148/bpt6k97784647,bourgey_12148_bpt6k97784647_f7.jpg,1939,f7
12148/bpt6k97784647,bourgey_12148_bpt6k97784647_f8.jpg,1939,f8
12148/bpt6k9778465n,bourgey_12148_bpt6k9778465n_f3.jpg,1939,f3
12148/bpt6k9778465n,bourgey_12148_bpt6k9778465n_f6.jpg,1939,f6
12148/bpt6k9778467g,bourgey_12148_bpt6k9778467g_f2.jpg,1964,f2
12148/bpt6k9778467g,bourgey_12148_bpt6k9778467g_f20.jpg,1964,f20
12148/bpt6k9778468w,bourgey_12148_bpt6k9778468w_f34.jpg,2016,f34
12148/bpt6k9778468w,bourgey_12148_bpt6k9778468w_f51.jpg,2016,f51
12148/bpt6k9778470z,bourgey_12148_bpt6k9778470z_f8.jpg,1953,f8
12148/bpt6k9778470z,bourgey_12148_bpt6k9778470z_f10.jpg,1953,f10
12148/bpt6k9778471c,bienaimé-feuardent_12148_bpt6k9778471c_f9.jpg,1879,f9
12148/bpt6k9778471c,bienaimé-feuardent_12148_bpt6k9778471c_f70.jpg,1879,f70
12148/bpt6k9778472s,bourgey_12148_bpt6k9778472s_f27.jpg,2008,f27
12148/bpt6k9778472s,bourgey_12148_bpt6k9778472s_f9.jpg,2008,f9
12148/bpt6k97784736,bourgey_12148_bpt6k97784736_f44.jpg,1997,f44
12148/bpt6k97784736,bourgey_12148_bpt6k97784736_f37.jpg,1997,f37
12148/bpt6k97784751,bienaimé-feuardent_12148_bpt6k97784751_f8.jpg,1886,f8
12148/bpt6k97784751,bienaimé-feuardent_12148_bpt6k97784751_f72.jpg,1886,f72
12148/bpt6k9778480b,bourgey_12148_bpt6k9778480b_f21.jpg,1954,f21
12148/bpt6k9778480b,bourgey_12148_bpt6k9778480b_f8.jpg,1954,f8
12148/bpt6k9778481r,bourgey_12148_bpt6k9778481r_f13.jpg,1976,f13
12148/bpt6k9778481r,bourgey_12148_bpt6k9778481r_f4.jpg,1976,f4
12148/bpt6k9778483k,bienaimé-feuardent_12148_bpt6k9778483k_f19.jpg,1899,f19
12148/bpt6k9778483k,bienaimé-feuardent_12148_bpt6k9778483k_f118.jpg,1899,f118
12148/bpt6k9778528q,rollin_12148_bpt6k9778528q_f54.jpg,1900,f54
12148/bpt6k9778528q,rollin_12148_bpt6k9778528q_f27.jpg,1900,f27
12148/bpt6k9778530s,bienaimé-feuardent_12148_bpt6k9778530s_f80.jpg,1875,f80
12148/bpt6k9778530s,bienaimé-feuardent_12148_bpt6k9778530s_f5.jpg,1875,f5
12148/bpt6k9778539h,bourgey_12148_bpt6k9778539h_f24.jpg,1978,f24
12148/bpt6k9778539h,bourgey_12148_bpt6k9778539h_f16.jpg,1978,f16
12148/bpt6k9778543d,bourgey_12148_bpt6k9778543d_f8.jpg,1975,f8
12148/bpt6k9778543d,bourgey_12148_bpt6k9778543d_f11.jpg,1975,f11
12148/bpt6k9778552c,bourgey_12148_bpt6k9778552c_f122.jpg,1976,f122
12148/bpt6k9778552c,bourgey_12148_bpt6k9778552c_f49.jpg,1976,f49
12148/bpt6k9778553s,bienaimé-feuardent_12148_bpt6k9778553s_f14.jpg,1889,f14
12148/bpt6k9778553s,bienaimé-feuardent_12148_bpt6k9778553s_f57.jpg,1889,f57
12148/bpt6k9778555m,bourgey_12148_bpt6k9778555m_f90.jpg,1978,f90
12148/bpt6k9778555m,bourgey_12148_bpt6k9778555m_f32.jpg,1978,f32
12148/bpt6k97785561,bienaimé-feuardent_12148_bpt6k97785561_f28.jpg,1867,f28
12148/bpt6k97785561,bienaimé-feuardent_12148_bpt6k97785561_f7.jpg,1867,f7
12148/bpt6k97785598,bourgey_12148_bpt6k97785598_f13.jpg,1955,f13
12148/bpt6k97785598,bourgey_12148_bpt6k97785598_f2.jpg,1955,f2
12148/bpt6k9778560x,bienaimé-feuardent_12148_bpt6k9778560x_f79.jpg,1872,f79
12148/bpt6k9778560x,bienaimé-feuardent_12148_bpt6k9778560x_f74.jpg,1872,f74
12148/bpt6k9778562r,bourgey_12148_bpt6k9778562r_f55.jpg,1908,f55
12148/bpt6k9778562r,bourgey_12148_bpt6k9778562r_f12.jpg,1908,f12
12148/bpt6k97785635,bourgey_12148_bpt6k97785635_f44.jpg,1970,f44
12148/bpt6k97785635,bourgey_12148_bpt6k97785635_f46.jpg,1970,f46
12148/bpt6k9778564k,bourgey_12148_bpt6k9778564k_f59.jpg,1957,f59
12148/bpt6k9778564k,bourgey_12148_bpt6k9778564k_f61.jpg,1957,f61
12148/bpt6k97785776,bienaimé-feuardent_12148_bpt6k97785776_f50.jpg,1881,f50
12148/bpt6k97785776,bienaimé-feuardent_12148_bpt6k97785776_f39.jpg,1881,f39
12148/bpt6k97785791,bienaimé-feuardent_12148_bpt6k97785791_f11.jpg,1902,f11
12148/bpt6k97785791,bienaimé-feuardent_12148_bpt6k97785791_f10.jpg,1902,f10
12148/bpt6k9778582h,bienaimé-feuardent_12148_bpt6k9778582h_f3.jpg,1878,f3
12148/bpt6k9778582h,bienaimé-feuardent_12148_bpt6k9778582h_f2.jpg,1878,f2
12148/bpt6k9778583x,bourgey_12148_bpt6k9778583x_f2.jpg,1964,f2
12148/bpt6k9778583x,bourgey_12148_bpt6k9778583x_f22.jpg,1964,f22
12148/bpt6k9778584b,bienaimé-feuardent_12148_bpt6k9778584b_f12.jpg,1878,f12
12148/bpt6k9778584b,bienaimé-feuardent_12148_bpt6k9778584b_f10.jpg,1878,f10
12148/bpt6k9778585r,bienaimé-feuardent_12148_bpt6k9778585r_f31.jpg,1863,f31
12148/bpt6k9778585r,bienaimé-feuardent_12148_bpt6k9778585r_f34.jpg,1863,f34
12148/bpt6k9778597z,bourgey_12148_bpt6k9778597z_f59.jpg,1977,f59
12148/bpt6k9778597z,bourgey_12148_bpt6k9778597z_f15.jpg,1977,f15
12148/bpt6k9778599s,bourgey_12148_bpt6k9778599s_f22.jpg,1965,f22
12148/bpt6k9778599s,bourgey_12148_bpt6k9778599s_f36.jpg,1965,f36
12148/bpt6k97786000,bourgey_12148_bpt6k97786000_f75.jpg,1981,f75
12148/bpt6k97786000,bourgey_12148_bpt6k97786000_f6.jpg,1981,f6
12148/bpt6k9778607w,bienaimé-feuardent_12148_bpt6k9778607w_f8.jpg,1864,f8
12148/bpt6k9778607w,bienaimé-feuardent_12148_bpt6k9778607w_f49.jpg,1864,f49
12148/bpt6k97786267,bienaimé-feuardent_12148_bpt6k97786267_f19.jpg,1909,f19
12148/bpt6k97786267,bienaimé-feuardent_12148_bpt6k97786267_f44.jpg,1909,f44
12148/bpt6k9778627n,bourgey_12148_bpt6k9778627n_f18.jpg,1996,f18
12148/bpt6k9778627n,bourgey_12148_bpt6k9778627n_f22.jpg,1996,f22
12148/bpt6k97786304,bourgey_12148_bpt6k97786304_f6.jpg,1971,f6
12148/bpt6k97786304,bourgey_12148_bpt6k97786304_f13.jpg,1971,f13
12148/bpt6k9778636m,bourgey_12148_bpt6k9778636m_f73.jpg,1994,f73
12148/bpt6k9778636m,bourgey_12148_bpt6k9778636m_f24.jpg,1994,f24
12148/bpt6k97786371,bienaimé-feuardent_12148_bpt6k97786371_f65.jpg,1877,f65
12148/bpt6k97786371,bienaimé-feuardent_12148_bpt6k97786371_f20.jpg,1877,f20
12148/bpt6k9778639v,bourgey_12148_bpt6k9778639v_f4.jpg,1971,f4
12148/bpt6k9778639v,bourgey_12148_bpt6k9778639v_f1.jpg,1971,f1
12148/bpt6k9778640h,bienaimé-feuardent_12148_bpt6k9778640h_f211.jpg,1902,f211
12148/bpt6k9778640h,bienaimé-feuardent_12148_bpt6k9778640h_f138.jpg,1902,f138
12148/bpt6k9778645k,bourgey_12148_bpt6k9778645k_f2.jpg,2001,f2
12148/bpt6k9778645k,bourgey_12148_bpt6k9778645k_f15.jpg,2001,f15
12148/bpt6k97791010,bourgey_12148_bpt6k97791010_f50.jpg,1976,f50
12148/bpt6k97791010,bourgey_12148_bpt6k97791010_f36.jpg,1976,f36
12148/bpt6k9779105n,bourgey_12148_bpt6k9779105n_f63.jpg,1963,f63
12148/bpt6k9779105n,bourgey_12148_bpt6k9779105n_f45.jpg,1963,f45
12148/bpt6k97791062,bourgey_12148_bpt6k97791062_f8.jpg,1977,f8
12148/bpt6k97791062,bourgey_12148_bpt6k97791062_f62.jpg,1977,f62
12148/bpt6k9779111c,bourgey_12148_bpt6k9779111c_f17.jpg,1978,f17
12148/bpt6k9779111c,bourgey_12148_bpt6k9779111c_f39.jpg,1978,f39
12148/bpt6k9779119p,bienaimé-feuardent_12148_bpt6k9779119p_f26.jpg,1879,f26
12148/bpt6k9779119p,bienaimé-feuardent_12148_bpt6k9779119p_f3.jpg,1879,f3
12148/bpt6k97791381,bourgey_12148_bpt6k97791381_f52.jpg,1977,f52
12148/bpt6k97791381,bourgey_12148_bpt6k97791381_f186.jpg,1977,f186
12148/bpt6k9779142x,bourgey_12148_bpt6k9779142x_f20.jpg,1966,f20
12148/bpt6k9779142x,bourgey_12148_bpt6k9779142x_f49.jpg,1966,f49
12148/bpt6k9779143b,bourgey_12148_bpt6k9779143b_f98.jpg,1974,f98
12148/bpt6k9779143b,bourgey_12148_bpt6k9779143b_f105.jpg,1974,f105
12148/bpt6k97791470,bourgey_12148_bpt6k97791470_f38.jpg,1907,f38
12148/bpt6k97791470,bourgey_12148_bpt6k97791470_f59.jpg,1907,f59
12148/bpt6k9779149t,bourgey_12148_bpt6k9779149t_f30.jpg,1982,f30
12148/bpt6k9779149t,bourgey_12148_bpt6k9779149t_f81.jpg,1982,f81
12148/bpt6k97791900,rollin_12148_bpt6k97791900_f24.jpg,1850,f24
12148/bpt6k97791900,rollin_12148_bpt6k97791900_f20.jpg,1850,f20
12148/bpt6k9779191d,bourgey_12148_bpt6k9779191d_f1.jpg,1977,f1
12148/bpt6k9779191d,bourgey_12148_bpt6k9779191d_f2.jpg,1977,f2
12148/bpt6k97791937,bienaimé-feuardent_12148_bpt6k97791937_f71.jpg,1861,f71
12148/bpt6k97791937,bienaimé-feuardent_12148_bpt6k97791937_f11.jpg,1861,f11
12148/bpt6k9779196g,rollin_12148_bpt6k9779196g_f167.jpg,1840,f167
12148/bpt6k9779196g,rollin_12148_bpt6k9779196g_f80.jpg,1840,f80
12148/bpt6k9779206d,bourgey_12148_bpt6k9779206d_f15.jpg,2010,f15
12148/bpt6k9779206d,bourgey_12148_bpt6k9779206d_f1.jpg,2010,f1
12148/bpt6k9779209n,bienaimé-feuardent_12148_bpt6k9779209n_f15.jpg,1874,f15
12148/bpt6k9779209n,bienaimé-feuardent_12148_bpt6k9779209n_f16.jpg,1874,f16
12148/bpt6k97792109,rollin_12148_bpt6k97792109_f234.jpg,1878,f234
12148/bpt6k97792109,rollin_12148_bpt6k97792109_f133.jpg,1878,f133
12148/bpt6k9779220p,bienaimé-feuardent_12148_bpt6k9779220p_f120.jpg,1880,f120
12148/bpt6k9779220p,bienaimé-feuardent_12148_bpt6k9779220p_f75.jpg,1880,f75
12148/bpt6k97792213,bienaimé-feuardent_12148_bpt6k97792213_f67.jpg,1874,f67
12148/bpt6k97792213,bienaimé-feuardent_12148_bpt6k97792213_f159.jpg,1874,f159
12148/bpt6k9779222h,bienaimé-feuardent_12148_bpt6k9779222h_f54.jpg,1881,f54
12148/bpt6k9779222h,bienaimé-feuardent_12148_bpt6k9779222h_f73.jpg,1881,f73
12148/bpt6k9779224b,bienaimé-feuardent_12148_bpt6k9779224b_f161.jpg,1867,f161
12148/bpt6k9779224b,bienaimé-feuardent_12148_bpt6k9779224b_f178.jpg,1867,f178
12148/bpt6k9779231g,bienaimé-feuardent_12148_bpt6k9779231g_f19.jpg,1911,f19
12148/bpt6k9779231g,bienaimé-feuardent_12148_bpt6k9779231g_f58.jpg,1911,f58
12148/bpt6k97792354,naville_12148_bpt6k97792354_f198.jpg,1933,f198
12148/bpt6k97792354,naville_12148_bpt6k97792354_f216.jpg,1933,f216
12148/bpt6k9779238c,bourgey_12148_bpt6k9779238c_f9.jpg,2009,f9
12148/bpt6k9779238c,bourgey_12148_bpt6k9779238c_f4.jpg,2009,f4
12148/bpt6k9779240f,bourgey_12148_bpt6k9779240f_f4.jpg,1907,f4
12148/bpt6k9779240f,bourgey_12148_bpt6k9779240f_f11.jpg,1907,f11
12148/bpt6k97792428,rollin_12148_bpt6k97792428_f38.jpg,1859,f38
12148/bpt6k97792428,rollin_12148_bpt6k97792428_f14.jpg,1859,f14
12148/bpt6k97792443,bourgey_12148_bpt6k97792443_f25.jpg,1943,f25
12148/bpt6k97792443,bourgey_12148_bpt6k97792443_f9.jpg,1943,f9
12148/bpt6k9779245h,bourgey_12148_bpt6k9779245h_f19.jpg,2007,f19
12148/bpt6k9779245h,bourgey_12148_bpt6k9779245h_f29.jpg,2007,f29
12148/bpt6k9779246x,bienaimé-feuardent_12148_bpt6k9779246x_f45.jpg,1895,f45
12148/bpt6k9779246x,bienaimé-feuardent_12148_bpt6k9779246x_f171.jpg,1895,f171
12148/bpt6k9779248r,rollin_12148_bpt6k9779248r_f203.jpg,1896,f203
12148/bpt6k9779248r,rollin_12148_bpt6k9779248r_f96.jpg,1896,f96
12148/bpt6k97792495,rollin_12148_bpt6k97792495_f79.jpg,1897,f79
12148/bpt6k97792495,rollin_12148_bpt6k97792495_f11.jpg,1897,f11
12148/bpt6k9779250t,bienaimé-feuardent_12148_bpt6k9779250t_f1.jpg,1906,f1
12148/bpt6k9779250t,bienaimé-feuardent_12148_bpt6k9779250t_f37.jpg,1906,f37
12148/bpt6k97792517,bourgey_12148_bpt6k97792517_f43.jpg,1967,f43
12148/bpt6k97792517,bourgey_12148_bpt6k97792517_f17.jpg,1967,f17
12148/bpt6k97792532,bienaimé-feuardent_12148_bpt6k97792532_f33.jpg,1861,f33
12148/bpt6k97792532,bienaimé-feuardent_12148_bpt6k97792532_f57.jpg,1861,f57
12148/bpt6k9779255w,rollin_12148_bpt6k9779255w_f67.jpg,1888,f67
12148/bpt6k9779255w,rollin_12148_bpt6k9779255w_f215.jpg,1888,f215
12148/bpt6k97792584,bourgey_12148_bpt6k97792584_f12.jpg,1974,f12
12148/bpt6k97792584,bourgey_12148_bpt6k97792584_f5.jpg,1974,f5
12148/bpt6k9779259j,bienaimé-feuardent_12148_bpt6k9779259j_f77.jpg,1887,f77
12148/bpt6k9779259j,bienaimé-feuardent_12148_bpt6k9779259j_f79.jpg,1887,f79
12148/bpt6k9779261m,rollin_12148_bpt6k9779261m_f15.jpg,1850,f15
12148/bpt6k9779261m,rollin_12148_bpt6k9779261m_f20.jpg,1850,f20
12148/bpt6k97792621,naville_12148_bpt6k97792621_f148.jpg,1922,f148
12148/bpt6k97792621,naville_12148_bpt6k97792621_f164.jpg,1922,f164
12148/bpt6k97792658,bienaimé-feuardent_12148_bpt6k97792658_f141.jpg,1892,f141
12148/bpt6k97792658,bienaimé-feuardent_12148_bpt6k97792658_f123.jpg,1892,f123
12148/bpt6k9779266p,rollin_12148_bpt6k9779266p_f85.jpg,1897,f85
12148/bpt6k9779266p,rollin_12148_bpt6k9779266p_f135.jpg,1897,f135
12148/bpt6k97792710,bienaimé-feuardent_12148_bpt6k97792710_f5.jpg,1869,f5
12148/bpt6k97792710,bienaimé-feuardent_12148_bpt6k97792710_f12.jpg,1869,f12
12148/bpt6k97792747,rollin_12148_bpt6k97792747_f1.jpg,1866,f1
12148/bpt6k97792747,rollin_12148_bpt6k97792747_f151.jpg,1866,f151
12148/bpt6k9779275n,rollin_12148_bpt6k9779275n_f133.jpg,1897,f133
12148/bpt6k9779275n,rollin_12148_bpt6k9779275n_f47.jpg,1897,f47
12148/bpt6k97792762,bourgey_12148_bpt6k97792762_f46.jpg,1990,f46
12148/bpt6k97792762,bourgey_12148_bpt6k97792762_f11.jpg,1990,f11
12148/bpt6k9779277g,bourgey_12148_bpt6k9779277g_f16.jpg,1971,f16
12148/bpt6k9779277g,bourgey_12148_bpt6k9779277g_f20.jpg,1971,f20
12148/bpt6k9779344f,bourgey_12148_bpt6k9779344f_f1.jpg,1963,f1
12148/bpt6k9779344f,bourgey_12148_bpt6k9779344f_f0.jpg,1963,f0
12148/bpt6k9779356n,bourgey_12148_bpt6k9779356n_f4.jpg,1974,f4
12148/bpt6k9779356n,bourgey_12148_bpt6k9779356n_f1.jpg,1974,f1
12148/bpt6k9779363s,bienaimé-feuardent_12148_bpt6k9779363s_f34.jpg,1867,f34
12148/bpt6k9779363s,bienaimé-feuardent_12148_bpt6k9779363s_f90.jpg,1867,f90
12148/bpt6k9779365m,bourgey_12148_bpt6k9779365m_f3.jpg,2001,f3
12148/bpt6k9779365m,bourgey_12148_bpt6k9779365m_f1.jpg,2001,f1
12148/bpt6k9779374k,rollin_12148_bpt6k9779374k_f212.jpg,1882,f212
12148/bpt6k9779374k,rollin_12148_bpt6k9779374k_f70.jpg,1882,f70
12148/bpt6k97793750,bienaimé-feuardent_12148_bpt6k97793750_f67.jpg,1882,f67
12148/bpt6k97793750,bienaimé-feuardent_12148_bpt6k97793750_f9.jpg,1882,f9
12148/bpt6k97793980,bourgey_12148_bpt6k97793980_f1.jpg,1978,f1
12148/bpt6k97793980,bourgey_12148_bpt6k97793980_f0.jpg,1978,f0
12148/bpt6k9779400m,bienaimé-feuardent_12148_bpt6k9779400m_f253.jpg,1862-1864,f253
12148/bpt6k9779400m,bienaimé-feuardent_12148_bpt6k9779400m_f200.jpg,1862-1864,f200
12148/bpt6k97794011,bienaimé-feuardent_12148_bpt6k97794011_f120.jpg,1862-1864,f120
12148/bpt6k97794011,bienaimé-feuardent_12148_bpt6k97794011_f137.jpg,1862-1864,f137
12148/bpt6k9779402f,bienaimé-feuardent_12148_bpt6k9779402f_f125.jpg,1862-1864,f125
12148/bpt6k9779402f,bienaimé-feuardent_12148_bpt6k9779402f_f12.jpg,1862-1864,f12
12148/bpt6k97794048,bourgey_12148_bpt6k97794048_f41.jpg,1972,f41
12148/bpt6k97794048,bourgey_12148_bpt6k97794048_f10.jpg,1972,f10
12148/bpt6k9779405p,bienaimé-feuardent_12148_bpt6k9779405p_f125.jpg,1882,f125
12148/bpt6k9779405p,bienaimé-feuardent_12148_bpt6k9779405p_f57.jpg,1882,f57
12148/bpt6k97794063,bienaimé-feuardent_12148_bpt6k97794063_f28.jpg,1897,f28
12148/bpt6k97794063,bienaimé-feuardent_12148_bpt6k97794063_f6.jpg,1897,f6
12148/bpt6k9779407h,bienaimé-feuardent_12148_bpt6k9779407h_f53.jpg,1878,f53
12148/bpt6k9779407h,bienaimé-feuardent_12148_bpt6k9779407h_f165.jpg,1878,f165
12148/bpt6k9779409b,rollin_12148_bpt6k9779409b_f162.jpg,1898,f162
12148/bpt6k9779409b,rollin_12148_bpt6k9779409b_f104.jpg,1898,f104
12148/bpt6k9779624q,bienaimé-feuardent_12148_bpt6k9779624q_f45.jpg,1891,f45
12148/bpt6k9779624q,bienaimé-feuardent_12148_bpt6k9779624q_f66.jpg,1891,f66
12148/bpt6k97796254,bienaimé-feuardent_12148_bpt6k97796254_f87.jpg,1893,f87
12148/bpt6k97796254,bienaimé-feuardent_12148_bpt6k97796254_f77.jpg,1893,f77
12148/bpt6k9779627z,bourgey_12148_bpt6k9779627z_f8.jpg,1992,f8
12148/bpt6k9779627z,bourgey_12148_bpt6k9779627z_f2.jpg,1992,f2
12148/bpt6k9779629s,bourgey_12148_bpt6k9779629s_f23.jpg,1955,f23
12148/bpt6k9779629s,bourgey_12148_bpt6k9779629s_f5.jpg,1955,f5
12148/bpt6k9779630f,bourgey_12148_bpt6k9779630f_f53.jpg,1907,f53
12148/bpt6k9779630f,bourgey_12148_bpt6k9779630f_f37.jpg,1907,f37
12148/bpt6k9779633p,bourgey_12148_bpt6k9779633p_f52.jpg,1975,f52
12148/bpt6k9779633p,bourgey_12148_bpt6k9779633p_f55.jpg,1975,f55
12148/bpt6k97796343,bienaimé-feuardent_12148_bpt6k97796343_f193.jpg,1881,f193
12148/bpt6k97796343,bienaimé-feuardent_12148_bpt6k97796343_f43.jpg,1881,f43
12148/bpt6k9779635h,bienaimé-feuardent_12148_bpt6k9779635h_f2.jpg,1911,f2
12148/bpt6k9779635h,bienaimé-feuardent_12148_bpt6k9779635h_f25.jpg,1911,f25
12148/bpt6k9779668w,bienaimé-feuardent_12148_bpt6k9779668w_f83.jpg,1865,f83
12148/bpt6k9779668w,bienaimé-feuardent_12148_bpt6k9779668w_f28.jpg,1865,f28
12148/bpt6k97796699,bienaimé-feuardent_12148_bpt6k97796699_f37.jpg,1865,f37
12148/bpt6k97796699,bienaimé-feuardent_12148_bpt6k97796699_f58.jpg,1865,f58
12148/bpt6k9779670z,bienaimé-feuardent_12148_bpt6k9779670z_f160.jpg,1865,f160
12148/bpt6k9779670z,bienaimé-feuardent_12148_bpt6k9779670z_f148.jpg,1865,f148
12148/bpt6k9779820r,naville_12148_bpt6k9779820r_f183.jpg,1966,f183
12148/bpt6k9779820r,naville_12148_bpt6k9779820r_f55.jpg,1966,f55
12148/bpt6k9779822k,bourgey_12148_bpt6k9779822k_f63.jpg,1993,f63
12148/bpt6k9779822k,bourgey_12148_bpt6k9779822k_f36.jpg,1993,f36
12148/bpt6k97798267,bienaimé-feuardent_12148_bpt6k97798267_f41.jpg,1890,f41
12148/bpt6k97798267,bienaimé-feuardent_12148_bpt6k97798267_f358.jpg,1890,f358
12148/bpt6k9779834s,bienaimé-feuardent_12148_bpt6k9779834s_f18.jpg,1899,f18
12148/bpt6k9779834s,bienaimé-feuardent_12148_bpt6k9779834s_f51.jpg,1899,f51
12148/bpt6k97798356,bienaimé-feuardent_12148_bpt6k97798356_f63.jpg,1860,f63
12148/bpt6k97798356,bienaimé-feuardent_12148_bpt6k97798356_f66.jpg,1860,f66
12148/bpt6k9779836m,bourgey_12148_bpt6k9779836m_f64.jpg,1912,f64
12148/bpt6k9779836m,bourgey_12148_bpt6k9779836m_f62.jpg,1912,f62
12148/bpt6k9779838f,bourgey_12148_bpt6k9779838f_f61.jpg,1973,f61
12148/bpt6k9779838f,bourgey_12148_bpt6k9779838f_f60.jpg,1973,f60
12148/bpt6k9779842b,naville_12148_bpt6k9779842b_f232.jpg,1930,f232
12148/bpt6k9779842b,naville_12148_bpt6k9779842b_f138.jpg,1930,f138
12148/bpt6k9779848t,rollin_12148_bpt6k9779848t_f8.jpg,1861,f8
12148/bpt6k9779848t,rollin_12148_bpt6k9779848t_f17.jpg,1861,f17
12148/bpt6k97798519,rollin_12148_bpt6k97798519_f18.jpg,1867,f18
12148/bpt6k97798519,rollin_12148_bpt6k97798519_f36.jpg,1867,f36
12148/bpt6k97798534,bourgey_12148_bpt6k97798534_f43.jpg,1975,f43
12148/bpt6k97798534,bourgey_12148_bpt6k97798534_f44.jpg,1975,f44
12148/bpt6k9779856c,rollin_12148_bpt6k9779856c_f118.jpg,1864,f118
12148/bpt6k9779856c,rollin_12148_bpt6k9779856c_f52.jpg,1864,f52
12148/bpt6k9779863h,bienaimé-feuardent_12148_bpt6k9779863h_f47.jpg,1867,f47
12148/bpt6k9779863h,bienaimé-feuardent_12148_bpt6k9779863h_f11.jpg,1867,f11
12148/bpt6k9779864x,naville_12148_bpt6k9779864x_f146.jpg,1928,f146
12148/bpt6k9779864x,naville_12148_bpt6k9779864x_f171.jpg,1928,f171
12148/bpt6k9779865b,bienaimé-feuardent_12148_bpt6k9779865b_f121.jpg,1886,f121
12148/bpt6k9779865b,bienaimé-feuardent_12148_bpt6k9779865b_f64.jpg,1886,f64
12148/bpt6k97798675,bienaimé-feuardent_12148_bpt6k97798675_f22.jpg,1897,f22
12148/bpt6k97798675,bienaimé-feuardent_12148_bpt6k97798675_f36.jpg,1897,f36
12148/bpt6k9779868k,bienaimé-feuardent_12148_bpt6k9779868k_f153.jpg,1879,f153
12148/bpt6k9779868k,bienaimé-feuardent_12148_bpt6k9779868k_f41.jpg,1879,f41
12148/bpt6k97798712,bienaimé-feuardent_12148_bpt6k97798712_f27.jpg,1867,f27
12148/bpt6k97798712,bienaimé-feuardent_12148_bpt6k97798712_f7.jpg,1867,f7
12148/bpt6k97801143,bourgey_12148_bpt6k97801143_f23.jpg,1999,f23
12148/bpt6k97801143,bourgey_12148_bpt6k97801143_f2.jpg,1999,f2
12148/bpt6k9780404r,naville_12148_bpt6k9780404r_f82.jpg,1926,f82
12148/bpt6k9780404r,naville_12148_bpt6k9780404r_f61.jpg,1926,f61
12148/bpt6k97805488,bourgey_12148_bpt6k97805488_f75.jpg,1989,f75
12148/bpt6k97805488,bourgey_12148_bpt6k97805488_f32.jpg,1989,f32
12148/bpt6k9780551r,bourgey_12148_bpt6k9780551r_f9.jpg,1979,f9
12148/bpt6k9780551r,bourgey_12148_bpt6k9780551r_f5.jpg,1979,f5
12148/bpt6k97805525,bourgey_12148_bpt6k97805525_f24.jpg,1973,f24
12148/bpt6k97805525,bourgey_12148_bpt6k97805525_f94.jpg,1973,f94
12148/bpt6k9780553k,bienaimé-feuardent_12148_bpt6k9780553k_f17.jpg,1864,f17
12148/bpt6k9780553k,bienaimé-feuardent_12148_bpt6k9780553k_f76.jpg,1864,f76
12148/bpt6k9780555d,bienaimé-feuardent_12148_bpt6k9780555d_f38.jpg,1897,f38
12148/bpt6k9780555d,bienaimé-feuardent_12148_bpt6k9780555d_f68.jpg,1897,f68
12148/bpt6k97805592,naville_12148_bpt6k97805592_f290.jpg,1923,f290
12148/bpt6k97805592,naville_12148_bpt6k97805592_f125.jpg,1923,f125
12148/bpt6k9780565s,rollin_12148_bpt6k9780565s_f6.jpg,1855,f6
12148/bpt6k9780565s,rollin_12148_bpt6k9780565s_f8.jpg,1855,f8
12148/bpt6k97805666,bienaimé-feuardent_12148_bpt6k97805666_f4.jpg,1867,f4
12148/bpt6k97805666,bienaimé-feuardent_12148_bpt6k97805666_f1.jpg,1867,f1
12148/bpt6k9780569f,bourgey_12148_bpt6k9780569f_f18.jpg,1957,f18
12148/bpt6k9780569f,bourgey_12148_bpt6k9780569f_f3.jpg,1957,f3
12148/bpt6k97805703,bourgey_12148_bpt6k97805703_f57.jpg,1908,f57
12148/bpt6k97805703,bourgey_12148_bpt6k97805703_f4.jpg,1908,f4
12148/bpt6k9780571h,naville_12148_bpt6k9780571h_f9.jpg,1924,f9
12148/bpt6k9780571h,naville_12148_bpt6k9780571h_f209.jpg,1924,f209
12148/bpt6k9780573b,bienaimé-feuardent_12148_bpt6k9780573b_f53.jpg,1861,f53
12148/bpt6k9780573b,bienaimé-feuardent_12148_bpt6k9780573b_f289.jpg,1861,f289
12148/bpt6k9780574r,rollin_12148_bpt6k9780574r_f197.jpg,1836,f197
12148/bpt6k9780574r,rollin_12148_bpt6k9780574r_f3.jpg,1836,f3
12148/bpt6k9780576k,rollin_12148_bpt6k9780576k_f233.jpg,1911,f233
12148/bpt6k9780576k,rollin_12148_bpt6k9780576k_f51.jpg,1911,f51
12148/bpt6k97805770,bourgey_12148_bpt6k97805770_f3.jpg,1958,f3
12148/bpt6k97805770,bourgey_12148_bpt6k97805770_f1.jpg,1958,f1
12148/bpt6k9780578d,naville_12148_bpt6k9780578d_f81.jpg,1924,f81
12148/bpt6k9780578d,naville_12148_bpt6k9780578d_f85.jpg,1924,f85
12148/bpt6k9780579t,naville_12148_bpt6k9780579t_f158.jpg,1924,f158
12148/bpt6k9780579t,naville_12148_bpt6k9780579t_f173.jpg,1924,f173
12148/bpt6k9780580g,naville_12148_bpt6k9780580g_f190.jpg,1922,f190
12148/bpt6k9780580g,naville_12148_bpt6k9780580g_f220.jpg,1922,f220
12148/bpt6k9780581w,rollin_12148_bpt6k9780581w_f147.jpg,1896,f147
12148/bpt6k9780581w,rollin_12148_bpt6k9780581w_f122.jpg,1896,f122
12148/bpt6k9780585j,bienaimé-feuardent_12148_bpt6k9780585j_f27.jpg,1883,f27
12148/bpt6k9780585j,bienaimé-feuardent_12148_bpt6k9780585j_f120.jpg,1883,f120
12148/bpt6k97805918,naville_12148_bpt6k97805918_f46.jpg,1929,f46
12148/bpt6k97805918,naville_12148_bpt6k97805918_f89.jpg,1929,f89
12148/bpt6k9780592p,naville_12148_bpt6k9780592p_f66.jpg,1925,f66
12148/bpt6k9780592p,naville_12148_bpt6k9780592p_f141.jpg,1925,f141
12148/bpt6k9780622c,bourgey_12148_bpt6k9780622c_f41.jpg,1938,f41
12148/bpt6k9780622c,bourgey_12148_bpt6k9780622c_f52.jpg,1938,f52
12148/bpt6k9780625m,bienaimé-feuardent_12148_bpt6k9780625m_f45.jpg,1867,f45
12148/bpt6k9780625m,bienaimé-feuardent_12148_bpt6k9780625m_f59.jpg,1867,f59
12148/bpt6k97806261,bienaimé-feuardent_12148_bpt6k97806261_f141.jpg,1884,f141
12148/bpt6k97806261,bienaimé-feuardent_12148_bpt6k97806261_f33.jpg,1884,f33
12148/bpt6k9780627f,bienaimé-feuardent_12148_bpt6k9780627f_f24.jpg,1884,f24
12148/bpt6k9780627f,bienaimé-feuardent_12148_bpt6k9780627f_f112.jpg,1884,f112
12148/bpt6k9780628v,bienaimé-feuardent_12148_bpt6k9780628v_f128.jpg,1882,f128
12148/bpt6k9780628v,bienaimé-feuardent_12148_bpt6k9780628v_f57.jpg,1882,f57
12148/bpt6k97806298,bienaimé-feuardent_12148_bpt6k97806298_f7.jpg,1884,f7
12148/bpt6k97806298,bienaimé-feuardent_12148_bpt6k97806298_f17.jpg,1884,f17
12148/bpt6k9780631b,bienaimé-feuardent_12148_bpt6k9780631b_f63.jpg,1894,f63
12148/bpt6k9780631b,bienaimé-feuardent_12148_bpt6k9780631b_f46.jpg,1894,f46
12148/bpt6k9780643j,bourgey_12148_bpt6k9780643j_f28.jpg,1940,f28
12148/bpt6k9780643j,bourgey_12148_bpt6k9780643j_f24.jpg,1940,f24
12148/bpt6k97806491,bourgey_12148_bpt6k97806491_f23.jpg,1979,f23
12148/bpt6k97806491,bourgey_12148_bpt6k97806491_f97.jpg,1979,f97
12148/bpt6k9780650p,bourgey_12148_bpt6k9780650p_f7.jpg,1980,f7
12148/bpt6k9780650p,bourgey_12148_bpt6k9780650p_f9.jpg,1980,f9
12148/bpt6k97806513,bourgey_12148_bpt6k97806513_f14.jpg,1981,f14
12148/bpt6k97806513,bourgey_12148_bpt6k97806513_f16.jpg,1981,f16
12148/bpt6k9780652h,bourgey_12148_bpt6k9780652h_f30.jpg,1989,f30
12148/bpt6k9780652h,bourgey_12148_bpt6k9780652h_f29.jpg,1989,f29
12148/bpt6k9780653x,bourgey_12148_bpt6k9780653x_f20.jpg,1992,f20
12148/bpt6k9780653x,bourgey_12148_bpt6k9780653x_f51.jpg,1992,f51
12148/bpt6k9780654b,bourgey_12148_bpt6k9780654b_f38.jpg,1992,f38
12148/bpt6k9780654b,bourgey_12148_bpt6k9780654b_f26.jpg,1992,f26
12148/bpt6k9780655r,bourgey_12148_bpt6k9780655r_f123.jpg,1992,f123
12148/bpt6k9780655r,bourgey_12148_bpt6k9780655r_f120.jpg,1992,f120
12148/bpt6k9780657k,bourgey_12148_bpt6k9780657k_f3.jpg,1976,f3
12148/bpt6k9780657k,bourgey_12148_bpt6k9780657k_f16.jpg,1976,f16
12148/bpt6k97806580,bourgey_12148_bpt6k97806580_f67.jpg,1974,f67
12148/bpt6k97806580,bourgey_12148_bpt6k97806580_f90.jpg,1974,f90
12148/bpt6k9780661g,bourgey_12148_bpt6k9780661g_f17.jpg,1912,f17
12148/bpt6k9780661g,bourgey_12148_bpt6k9780661g_f26.jpg,1912,f26
12148/bpt6k9780675h,bienaimé-feuardent_12148_bpt6k9780675h_f40.jpg,1872,f40
12148/bpt6k9780675h,bienaimé-feuardent_12148_bpt6k9780675h_f3.jpg,1872,f3
12148/bpt6k9780676x,bienaimé-feuardent_12148_bpt6k9780676x_f37.jpg,1870,f37
12148/bpt6k9780676x,bienaimé-feuardent_12148_bpt6k9780676x_f2.jpg,1870,f2
12148/bpt6k9780677b,bienaimé-feuardent_12148_bpt6k9780677b_f43.jpg,1877,f43
12148/bpt6k9780677b,bienaimé-feuardent_12148_bpt6k9780677b_f17.jpg,1877,f17
12148/bpt6k9780678r,bienaimé-feuardent_12148_bpt6k9780678r_f45.jpg,1884,f45
12148/bpt6k9780678r,bienaimé-feuardent_12148_bpt6k9780678r_f35.jpg,1884,f35
12148/bpt6k9780680t,bourgey_12148_bpt6k9780680t_f3.jpg,1977,f3
12148/bpt6k9780680t,bourgey_12148_bpt6k9780680t_f2.jpg,1977,f2
12148/bpt6k9780682n,bourgey_12148_bpt6k9780682n_f87.jpg,1983,f87
12148/bpt6k9780682n,bourgey_12148_bpt6k9780682n_f61.jpg,1983,f61
12148/bpt6k97806832,bourgey_12148_bpt6k97806832_f3.jpg,1977,f3
12148/bpt6k97806832,bourgey_12148_bpt6k97806832_f4.jpg,1977,f4
12148/bpt6k9780687q,bourgey_12148_bpt6k9780687q_f24.jpg,2005,f24
12148/bpt6k9780687q,bourgey_12148_bpt6k9780687q_f3.jpg,2005,f3
12148/bpt6k9780883r,bienaimé-feuardent_12148_bpt6k9780883r_f25.jpg,1899,f25
12148/bpt6k9780883r,bienaimé-feuardent_12148_bpt6k9780883r_f230.jpg,1899,f230
12148/bpt6k9780907q,rollin_12148_bpt6k9780907q_f123.jpg,1855,f123
12148/bpt6k9780907q,rollin_12148_bpt6k9780907q_f173.jpg,1855,f173
12148/bpt6k9781124s,bourgey_12148_bpt6k9781124s_f11.jpg,1955,f11
12148/bpt6k9781124s,bourgey_12148_bpt6k9781124s_f17.jpg,1955,f17
12148/bpt6k9781762j,bienaimé-feuardent_12148_bpt6k9781762j_f27.jpg,1906,f27
12148/bpt6k9781762j,bienaimé-feuardent_12148_bpt6k9781762j_f3.jpg,1906,f3
12148/bpt6k97817681,bourgey_12148_bpt6k97817681_f39.jpg,1975,f39
12148/bpt6k97817681,bourgey_12148_bpt6k97817681_f60.jpg,1975,f60
12148/bpt6k9781814t,bienaimé-feuardent_12148_bpt6k9781814t_f18.jpg,1885,f18
12148/bpt6k9781814t,bienaimé-feuardent_12148_bpt6k9781814t_f22.jpg,1885,f22
12148/bpt6k9781820j,bienaimé-feuardent_12148_bpt6k9781820j_f75.jpg,1906,f75
12148/bpt6k9781820j,bienaimé-feuardent_12148_bpt6k9781820j_f41.jpg,1906,f41
12148/bpt6k9781821z,bourgey_12148_bpt6k9781821z_f20.jpg,1994,f20
12148/bpt6k9781821z,bourgey_12148_bpt6k9781821z_f49.jpg,1994,f49
12148/bpt6k9781822c,bienaimé-feuardent_12148_bpt6k9781822c_f62.jpg,1890,f62
12148/bpt6k9781822c,bienaimé-feuardent_12148_bpt6k9781822c_f19.jpg,1890,f19
12148/bpt6k9781823s,bienaimé-feuardent_12148_bpt6k9781823s_f26.jpg,1869,f26
12148/bpt6k9781823s,bienaimé-feuardent_12148_bpt6k9781823s_f51.jpg,1869,f51
12148/bpt6k97818246,naville_12148_bpt6k97818246_f137.jpg,1934,f137
12148/bpt6k97818246,naville_12148_bpt6k97818246_f62.jpg,1934,f62
12148/bpt6k9781827f,bourgey_12148_bpt6k9781827f_f2.jpg,1989,f2
12148/bpt6k9781827f,bourgey_12148_bpt6k9781827f_f10.jpg,1989,f10
12148/bpt6k9781854b,rollin_12148_bpt6k9781854b_f388.jpg,1851,f388
12148/bpt6k9781854b,rollin_12148_bpt6k9781854b_f348.jpg,1851,f348
12148/bpt6k9781855r,rollin_12148_bpt6k9781855r_f88.jpg,1858,f88
12148/bpt6k9781855r,rollin_12148_bpt6k9781855r_f109.jpg,1858,f109
12148/bpt6k97818580,bourgey_12148_bpt6k97818580_f2.jpg,1995,f2
12148/bpt6k97818580,bourgey_12148_bpt6k97818580_f8.jpg,1995,f8
12148/bpt6k97821369,dubois_12148_bpt6k97821369_f55.jpg,1820,f55
12148/bpt6k97821369,dubois_12148_bpt6k97821369_f93.jpg,1820,f93
12148/bpt6k9784357s,dubois_12148_bpt6k9784357s_f151.jpg,1818,f151
12148/bpt6k9784357s,dubois_12148_bpt6k9784357s_f165.jpg,1818,f165
12148/bpt6k97969711,bienaimé-feuardent_12148_bpt6k97969711_f45.jpg,1868,f45
12148/bpt6k97969711,bienaimé-feuardent_12148_bpt6k97969711_f78.jpg,1868,f78
12148/bpt6k9796972f,bienaimé-feuardent_12148_bpt6k9796972f_f26.jpg,1877,f26
12148/bpt6k9796972f,bienaimé-feuardent_12148_bpt6k9796972f_f13.jpg,1877,f13
12148/bpt6k9796973v,bienaimé-feuardent_12148_bpt6k9796973v_f171.jpg,1902,f171
12148/bpt6k9796973v,bienaimé-feuardent_12148_bpt6k9796973v_f165.jpg,1902,f165
12148/bpt6k9797044b,bourgey_12148_bpt6k9797044b_f3.jpg,1990,f3
12148/bpt6k9797044b,bourgey_12148_bpt6k9797044b_f9.jpg,1990,f9
12148/bpt6k9797045r,bourgey_12148_bpt6k9797045r_f24.jpg,1987,f24
12148/bpt6k9797045r,bourgey_12148_bpt6k9797045r_f3.jpg,1987,f3
12148/bpt6k98055142,dubois_12148_bpt6k98055142_f20.jpg,1832,f20
12148/bpt6k98055142,dubois_12148_bpt6k98055142_f27.jpg,1832,f27
12148/cb40908886q,bienaimé-feuardent_12148_cb40908886q_f53.jpg,1887,f53
12148/cb40908886q,bienaimé-feuardent_12148_cb40908886q_f36.jpg,1887,f36
CV02553_19140226,Lair-Dubreuil_CV02553_19140226_f4.jpg,1914,f4
CV02553_19140226,Lair-Dubreuil_CV02553_19140226_f3.jpg,1914,f3
CV02982_19140606,desvouges_CV02982_19140606_f4.jpg,1914,f4
CV02982_19140606,desvouges_CV02982_19140606_f2.jpg,1914,f2
CV03000_19140612,desvouges_CV03000_19140612_f3.jpg,1914,f3
CV03000_19140612,desvouges_CV03000_19140612_f7.jpg,1914,f7
CV03038_19140622,desvouges_CV03038_19140622_f8.jpg,1914,f8
CV03038_19140622,desvouges_CV03038_19140622_f24.jpg,1914,f24
CV03052_19140625,desvouges_CV03052_19140625_f4.jpg,1914,f4
CV03052_19140625,desvouges_CV03052_19140625_f6.jpg,1914,f6
CV03426_19160629,desvouges_CV03426_19160629_f18.jpg,1916,f18
CV03426_19160629,desvouges_CV03426_19160629_f16.jpg,1916,f16
CV03561_19170123,desvouges_CV03561_19170123_f4.jpg,1917,f4
CV03561_19170123,desvouges_CV03561_19170123_f1.jpg,1917,f1
CV03638_19170329,desvouges_CV03638_19170329_f11.jpg,1917,f11
CV03638_19170329,desvouges_CV03638_19170329_f13.jpg,1917,f13
CV03675_19170430,desvouges_CV03675_19170430_f63.jpg,1917,f63
CV03675_19170430,desvouges_CV03675_19170430_f59.jpg,1917,f59
CV03680_19170503,desvouges_CV03680_19170503_f7.jpg,1917,f7
CV03680_19170503,desvouges_CV03680_19170503_f24.jpg,1917,f24
CV03902_19171215,desvouges_CV03902_19171215_f17.jpg,1917,f17
CV03902_19171215,desvouges_CV03902_19171215_f15.jpg,1917,f15
CV03907_19171218,desvouges_CV03907_19171218_f10.jpg,1917,f10
CV03907_19171218,desvouges_CV03907_19171218_f21.jpg,1917,f21
CV03909_19171219,desvouges_CV03909_19171219_f15.jpg,1917,f15
CV03909_19171219,desvouges_CV03909_19171219_f9.jpg,1917,f9
CV03916_19171222,desvouges_CV03916_19171222_f3.jpg,1917,f3
CV03916_19171222,desvouges_CV03916_19171222_f2.jpg,1917,f2
CV04068_19180506,Lair-Dubreuil_CV04068_19180506_f22.jpg,1918,f22
CV04068_19180506,Lair-Dubreuil_CV04068_19180506_f51.jpg,1918,f51
CV04623_19190623,desvouges_CV04623_19190623_f4.jpg,1919,f4
CV04623_19190623,desvouges_CV04623_19190623_f1.jpg,1919,f1
CV04683_19190708,desvouges_CV04683_19190708_f22.jpg,1919,f22
CV04683_19190708,desvouges_CV04683_19190708_f30.jpg,1919,f30
CV04754_19191027,desvouges_CV04754_19191027_f2.jpg,1919,f2
CV04754_19191027,desvouges_CV04754_19191027_f4.jpg,1919,f4
CV04838_19191127,desvouges_CV04838_19191127_f11.jpg,1919,f11
CV04838_19191127,desvouges_CV04838_19191127_f13.jpg,1919,f13
CV04853_19191201,Lair-Dubreuil_CV04853_19191201_f21.jpg,1919,f21
CV04853_19191201,Lair-Dubreuil_CV04853_19191201_f100.jpg,1919,f100
CV05011_19200126,desvouges_CV05011_19200126_f6.jpg,1920,f6
CV05011_19200126,desvouges_CV05011_19200126_f28.jpg,1920,f28
CV05028_19200202,Lair-Dubreuil_CV05028_19200202_f11.jpg,1920,f11
CV05028_19200202,Lair-Dubreuil_CV05028_19200202_f2.jpg,1920,f2
CV05042_19200207,desvouges_CV05042_19200207_f7.jpg,1920,f7
CV05042_19200207,desvouges_CV05042_19200207_f6.jpg,1920,f6
CV05072_19200214,desvouges_CV05072_19200214_f9.jpg,1920,f9
CV05072_19200214,desvouges_CV05072_19200214_f8.jpg,1920,f8
CV05133_19200303,Lair-Dubreuil_CV05133_19200303_f6.jpg,1920,f6
CV05133_19200303,Lair-Dubreuil_CV05133_19200303_f17.jpg,1920,f17
CV05165_19200313,Lair-Dubreuil_CV05165_19200313_f18.jpg,1920,f18
CV05165_19200313,Lair-Dubreuil_CV05165_19200313_f17.jpg,1920,f17
CV05175_19200315,desvouges_CV05175_19200315_f13.jpg,1920,f13
CV05175_19200315,desvouges_CV05175_19200315_f1.jpg,1920,f1
CV05182_19200318,Lair-Dubreuil_CV05182_19200318_f6.jpg,1920,f6
CV05182_19200318,Lair-Dubreuil_CV05182_19200318_f10.jpg,1920,f10
CV05217_19200325,desvouges_CV05217_19200325_f5.jpg,1920,f5
CV05217_19200325,desvouges_CV05217_19200325_f8.jpg,1920,f8
CV05248_19200401,desvouges_CV05248_19200401_f3.jpg,1920,f3
CV05248_19200401,desvouges_CV05248_19200401_f8.jpg,1920,f8
CV05300_19200419,desvouges_CV05300_19200419_f16.jpg,1920,f16
CV05300_19200419,desvouges_CV05300_19200419_f19.jpg,1920,f19
CV05309_19200422,desvouges_CV05309_19200422_f2.jpg,1920,f2
CV05309_19200422,desvouges_CV05309_19200422_f1.jpg,1920,f1
CV05338_19200428,desvouges_CV05338_19200428_f20.jpg,1920,f20
CV05338_19200428,desvouges_CV05338_19200428_f11.jpg,1920,f11
CV05380_19200510,desvouges_CV05380_19200510_f2.jpg,1920,f2
CV05380_19200510,desvouges_CV05380_19200510_f5.jpg,1920,f5
CV05800_19201204,desvouges_CV05800_19201204_f5.jpg,1920,f5
CV05800_19201204,desvouges_CV05800_19201204_f1.jpg,1920,f1
CV05830_19201211,desvouges_CV05830_19201211_f5.jpg,1920,f5
CV05830_19201211,desvouges_CV05830_19201211_f6.jpg,1920,f6
CV05882_19201222,Lair-Dubreuil_CV05882_19201222_f4.jpg,1920,f4
CV05882_19201222,Lair-Dubreuil_CV05882_19201222_f22.jpg,1920,f22
CV05883_19201224,Lair-Dubreuil_CV05883_19201224_f3.jpg,1920,f3
CV05883_19201224,Lair-Dubreuil_CV05883_19201224_f11.jpg,1920,f11
CV05887_19201227,Lair-Dubreuil_CV05887_19201227_f15.jpg,1920,f15
CV05887_19201227,Lair-Dubreuil_CV05887_19201227_f1.jpg,1920,f1
CV05911_19210114,desvouges_CV05911_19210114_f10.jpg,1921,f10
CV05911_19210114,desvouges_CV05911_19210114_f7.jpg,1921,f7
CV05966_19210131,desvouges_CV05966_19210131_f7.jpg,1921,f7
CV05966_19210131,desvouges_CV05966_19210131_f5.jpg,1921,f5
CV05973_19210202,Lair-Dubreuil_CV05973_19210202_f16.jpg,1921,f16
CV05973_19210202,Lair-Dubreuil_CV05973_19210202_f10.jpg,1921,f10
CV05988_19210209,desvouges_CV05988_19210209_f3.jpg,1921,f3
CV05988_19210209,desvouges_CV05988_19210209_f4.jpg,1921,f4
CV06043_19210223,desvouges_CV06043_19210223_f1.jpg,1921,f1
CV06043_19210223,desvouges_CV06043_19210223_f2.jpg,1921,f2
CV06057_19210228,desvouges_CV06057_19210228_f3.jpg,1921,f3
CV06057_19210228,desvouges_CV06057_19210228_f2.jpg,1921,f2
CV06327_19210524,Lair-Dubreuil_CV06327_19210524_f2.jpg,1921,f2
CV06327_19210524,Lair-Dubreuil_CV06327_19210524_f4.jpg,1921,f4
CV06389_19210609,Lair-Dubreuil_CV06389_19210609_f7.jpg,1921,f7
CV06389_19210609,Lair-Dubreuil_CV06389_19210609_f18.jpg,1921,f18
CV06428_19210618,Lair-Dubreuil_CV06428_19210618_f6.jpg,1921,f6
CV06428_19210618,Lair-Dubreuil_CV06428_19210618_f10.jpg,1921,f10
CV06431_19210620,Lair-Dubreuil_CV06431_19210620_f7.jpg,1921,f7
CV06431_19210620,Lair-Dubreuil_CV06431_19210620_f6.jpg,1921,f6
CV06543_19211017,Lair-Dubreuil_CV06543_19211017_f2.jpg,1921,f2
CV06543_19211017,Lair-Dubreuil_CV06543_19211017_f3.jpg,1921,f3
CV06548_19211019,Lair-Dubreuil_CV06548_19211019_f1.jpg,1921,f1
CV06548_19211019,Lair-Dubreuil_CV06548_19211019_f6.jpg,1921,f6
CV06616_19211117,Lair-Dubreuil_CV06616_19211117_f1.jpg,1921,f1
CV06616_19211117,Lair-Dubreuil_CV06616_19211117_f0.jpg,1921,f0
CV06622_19211118,Lair-Dubreuil_CV06622_19211118_f4.jpg,1921,f4
CV06622_19211118,Lair-Dubreuil_CV06622_19211118_f2.jpg,1921,f2
CV06756_19211219,desvouges_CV06756_19211219_f18.jpg,1921,f18
CV06756_19211219,desvouges_CV06756_19211219_f15.jpg,1921,f15
CV06770_19211222,desvouges_CV06770_19211222_f10.jpg,1921,f10
CV06770_19211222,desvouges_CV06770_19211222_f9.jpg,1921,f9
CV06796_19220109,desvouges_CV06796_19220109_f2.jpg,1922,f2
CV06796_19220109,desvouges_CV06796_19220109_f4.jpg,1922,f4
CV06801_19220111,desvouges_CV06801_19220111_f10.jpg,1922,f10
CV06801_19220111,desvouges_CV06801_19220111_f11.jpg,1922,f11
CV06808_19220113,desvouges_CV06808_19220113_f5.jpg,1922,f5
CV06808_19220113,desvouges_CV06808_19220113_f4.jpg,1922,f4
CV06812_19220116,desvouges_CV06812_19220116_f3.jpg,1922,f3
CV06812_19220116,desvouges_CV06812_19220116_f1.jpg,1922,f1
CV06822_19220120,desvouges_CV06822_19220120_f6.jpg,1922,f6
CV06822_19220120,desvouges_CV06822_19220120_f4.jpg,1922,f4
CV06907_19220217,Lair-Dubreuil_CV06907_19220217_f15.jpg,1922,f15
CV06907_19220217,Lair-Dubreuil_CV06907_19220217_f11.jpg,1922,f11
CV06916_19220220,Lair-Dubreuil_CV06916_19220220_f8.jpg,1922,f8
CV06916_19220220,Lair-Dubreuil_CV06916_19220220_f7.jpg,1922,f7
CV06973_19220308,Lair-Dubreuil_CV06973_19220308_f5.jpg,1922,f5
CV06973_19220308,Lair-Dubreuil_CV06973_19220308_f4.jpg,1922,f4
CV07006_19220317,Lair-Dubreuil_CV07006_19220317_f8.jpg,1922,f8
CV07006_19220317,Lair-Dubreuil_CV07006_19220317_f14.jpg,1922,f14
CV07018_19220320,Lair-Dubreuil_CV07018_19220320_f11.jpg,1922,f11
CV07018_19220320,Lair-Dubreuil_CV07018_19220320_f10.jpg,1922,f10
CV07035_19220324,Lair-Dubreuil_CV07035_19220324_f5.jpg,1922,f5
CV07035_19220324,Lair-Dubreuil_CV07035_19220324_f1.jpg,1922,f1
CV07041_19220327,desvouges_CV07041_19220327_f22.jpg,1922,f22
CV07041_19220327,desvouges_CV07041_19220327_f5.jpg,1922,f5
CV07127_19220426,Lair-Dubreuil_CV07127_19220426_f4.jpg,1922,f4
CV07127_19220426,Lair-Dubreuil_CV07127_19220426_f5.jpg,1922,f5
CV07148_19220502,Lair-Dubreuil_CV07148_19220502_f10.jpg,1922,f10
CV07148_19220502,Lair-Dubreuil_CV07148_19220502_f11.jpg,1922,f11
CV07157_19220504,Lair-Dubreuil_CV07157_19220504_f44.jpg,1922,f44
CV07157_19220504,Lair-Dubreuil_CV07157_19220504_f36.jpg,1922,f36
CV07167_19220508,Lair-Dubreuil_CV07167_19220508_f6.jpg,1922,f6
CV07167_19220508,Lair-Dubreuil_CV07167_19220508_f2.jpg,1922,f2
CV07191_19220512,Lair-Dubreuil_CV07191_19220512_f9.jpg,1922,f9
CV07191_19220512,Lair-Dubreuil_CV07191_19220512_f7.jpg,1922,f7
CV07198_19220512,Lair-Dubreuil_CV07198_19220512_f6.jpg,1922,f6
CV07198_19220512,Lair-Dubreuil_CV07198_19220512_f9.jpg,1922,f9
CV07272_19220527,desvouges_CV07272_19220527_f5.jpg,1922,f5
CV07272_19220527,desvouges_CV07272_19220527_f7.jpg,1922,f7
CV07646_19221208,desvouges_CV07646_19221208_f21.jpg,1922,f21
CV07646_19221208,desvouges_CV07646_19221208_f54.jpg,1922,f54
CV07685_19221216,desvouges_CV07685_19221216_f12.jpg,1922,f12
CV07685_19221216,desvouges_CV07685_19221216_f3.jpg,1922,f3
CV07694_19221218,Lair-Dubreuil_CV07694_19221218_f8.jpg,1922,f8
CV07694_19221218,Lair-Dubreuil_CV07694_19221218_f5.jpg,1922,f5
CV07697_19221218,desvouges_CV07697_19221218_f27.jpg,1922,f27
CV07697_19221218,desvouges_CV07697_19221218_f17.jpg,1922,f17
CV07797_19230129,desvouges_CV07797_19230129_f73.jpg,1923,f73
CV07797_19230129,desvouges_CV07797_19230129_f27.jpg,1923,f27
CV07799_19230131,desvouges_CV07799_19230131_f11.jpg,1923,f11
CV07799_19230131,desvouges_CV07799_19230131_f5.jpg,1923,f5
CV07823_19230205,desvouges_CV07823_19230205_f29.jpg,1923,f29
CV07823_19230205,desvouges_CV07823_19230205_f14.jpg,1923,f14
CV07830_19230207,desvouges_CV07830_19230207_f22.jpg,1923,f22
CV07830_19230207,desvouges_CV07830_19230207_f16.jpg,1923,f16
CV07850_19230212,desvouges_CV07850_19230212_f21.jpg,1923,f21
CV07850_19230212,desvouges_CV07850_19230212_f17.jpg,1923,f17
CV07881_19230221,desvouges_CV07881_19230221_f7.jpg,1923,f7
CV07881_19230221,desvouges_CV07881_19230221_f11.jpg,1923,f11
CV08120_19230425,Lair-Dubreuil_CV08120_19230425_f1.jpg,1923,f1
CV08120_19230425,Lair-Dubreuil_CV08120_19230425_f4.jpg,1923,f4
CV08239_19230519,Lair-Dubreuil_CV08239_19230519_f7.jpg,1923,f7
CV08239_19230519,Lair-Dubreuil_CV08239_19230519_f3.jpg,1923,f3
CV08241_19230522,Lair-Dubreuil_CV08241_19230522_f8.jpg,1923,f8
CV08241_19230522,Lair-Dubreuil_CV08241_19230522_f2.jpg,1923,f2
CV08390_19230621,Lair-Dubreuil_CV08390_19230621_f10.jpg,1923,f10
CV08390_19230621,Lair-Dubreuil_CV08390_19230621_f2.jpg,1923,f2
CV08398_19230623,Lair-Dubreuil_CV08398_19230623_f7.jpg,1923,f7
CV08398_19230623,Lair-Dubreuil_CV08398_19230623_f4.jpg,1923,f4
CV08430_19230630,Lair-Dubreuil_CV08430_19230630_f1.jpg,1923,f1
CV08430_19230630,Lair-Dubreuil_CV08430_19230630_f10.jpg,1923,f10
CV08529_19231113,Lair-Dubreuil_CV08529_19231113_f5.jpg,1923,f5
CV08529_19231113,Lair-Dubreuil_CV08529_19231113_f7.jpg,1923,f7
CV08696_19231228,Lair-Dubreuil_CV08696_19231228_f7.jpg,1923,f7
CV08696_19231228,Lair-Dubreuil_CV08696_19231228_f5.jpg,1923,f5
CV08719_19240118,Lair-Dubreuil_CV08719_19240118_f10.jpg,1924,f10
CV08719_19240118,Lair-Dubreuil_CV08719_19240118_f7.jpg,1924,f7
CV08846_19240227,Lair-Dubreuil_CV08846_19240227_f9.jpg,1924,f9
CV08846_19240227,Lair-Dubreuil_CV08846_19240227_f7.jpg,1924,f7
CV08847_19240227,desvouges_CV08847_19240227_f9.jpg,1924,f9
CV08847_19240227,desvouges_CV08847_19240227_f11.jpg,1924,f11
CV08870_19240305,Lair-Dubreuil_CV08870_19240305_f30.jpg,1924,f30
CV08870_19240305,Lair-Dubreuil_CV08870_19240305_f14.jpg,1924,f14
CV08892_19240312,desvouges_CV08892_19240312_f2.jpg,1924,f2
CV08892_19240312,desvouges_CV08892_19240312_f1.jpg,1924,f1
CV08919_19240322,Lair-Dubreuil_CV08919_19240322_f7.jpg,1924,f7
CV08919_19240322,Lair-Dubreuil_CV08919_19240322_f1.jpg,1924,f1
CV09001_19240414,Lair-Dubreuil_CV09001_19240414_f6.jpg,1924,f6
CV09001_19240414,Lair-Dubreuil_CV09001_19240414_f5.jpg,1924,f5
CV09203_19240620,Lair-Dubreuil_CV09203_19240620_f7.jpg,1924,f7
CV09203_19240620,Lair-Dubreuil_CV09203_19240620_f3.jpg,1924,f3
CV09212_19240623,Lair-Dubreuil_CV09212_19240623_f10.jpg,1924,f10
CV09212_19240623,Lair-Dubreuil_CV09212_19240623_f8.jpg,1924,f8
CV09262_19240706,Lair-Dubreuil_CV09262_19240706_f4.jpg,1924,f4
CV09262_19240706,Lair-Dubreuil_CV09262_19240706_f3.jpg,1924,f3
CV09390_19241113,Lair-Dubreuil_CV09390_19241113_f8.jpg,1924,f8
CV09390_19241113,Lair-Dubreuil_CV09390_19241113_f2.jpg,1924,f2
CV09399_19241115,Lair-Dubreuil_CV09399_19241115_f6.jpg,1924,f6
CV09399_19241115,Lair-Dubreuil_CV09399_19241115_f7.jpg,1924,f7
CV09432_19241122,Lair-Dubreuil_CV09432_19241122_f4.jpg,1924,f4
CV09432_19241122,Lair-Dubreuil_CV09432_19241122_f5.jpg,1924,f5
CV09472_19241201,Lair-Dubreuil_CV09472_19241201_f8.jpg,1924,f8
CV09472_19241201,Lair-Dubreuil_CV09472_19241201_f5.jpg,1924,f5
CV09509_19241208,desvouges_CV09509_19241208_f1.jpg,1924,f1
CV09509_19241208,desvouges_CV09509_19241208_f8.jpg,1924,f8
CV09524_19241211,Lair-Dubreuil_CV09524_19241211_f10.jpg,1924,f10
CV09524_19241211,Lair-Dubreuil_CV09524_19241211_f3.jpg,1924,f3
CV09567_19241219,Lair-Dubreuil_CV09567_19241219_f9.jpg,1924,f9
CV09567_19241219,Lair-Dubreuil_CV09567_19241219_f5.jpg,1924,f5
CV09664_19250206,desvouges_CV09664_19250206_f4.jpg,1925,f4
CV09664_19250206,desvouges_CV09664_19250206_f2.jpg,1925,f2
CV10009_19250513,desvouges_CV10009_19250513_f19.jpg,1925,f19
CV10009_19250513,desvouges_CV10009_19250513_f6.jpg,1925,f6
CV10030_19250518,desvouges_CV10030_19250518_f12.jpg,1925,f12
CV10030_19250518,desvouges_CV10030_19250518_f21.jpg,1925,f21
CV10078_19250603,desvouges_CV10078_19250603_f5.jpg,1925,f5
CV10078_19250603,desvouges_CV10078_19250603_f6.jpg,1925,f6
CV10104_19250610,desvouges_CV10104_19250610_f12.jpg,1925,f12
CV10104_19250610,desvouges_CV10104_19250610_f19.jpg,1925,f19
CV10107_19250611,desvouges_CV10107_19250611_f0.jpg,1925,f0
CV10107_19250611,desvouges_CV10107_19250611_f1.jpg,1925,f1
CV10114_19250612,desvouges_CV10114_19250612_f13.jpg,1925,f13
CV10114_19250612,desvouges_CV10114_19250612_f10.jpg,1925,f10
CV10412_19251202,desvouges_CV10412_19251202_f11.jpg,1925,f11
CV10412_19251202,desvouges_CV10412_19251202_f10.jpg,1925,f10
CV10420_19251203,desvouges_CV10420_19251203_f6.jpg,1925,f6
CV10420_19251203,desvouges_CV10420_19251203_f8.jpg,1925,f8
CV10424_19251204,Lair-Dubreuil_CV10424_19251204_f16.jpg,1925,f16
CV10424_19251204,Lair-Dubreuil_CV10424_19251204_f2.jpg,1925,f2
CV10432_19251207,desvouges_CV10432_19251207_f9.jpg,1925,f9
CV10432_19251207,desvouges_CV10432_19251207_f5.jpg,1925,f5
CV10433_19251207,Lair-Dubreuil_CV10433_19251207_f2.jpg,1925,f2
CV10433_19251207,Lair-Dubreuil_CV10433_19251207_f1.jpg,1925,f1
CV10452_19251209,desvouges_CV10452_19251209_f16.jpg,1925,f16
CV10452_19251209,desvouges_CV10452_19251209_f6.jpg,1925,f6
CV10477_19251214,desvouges_CV10477_19251214_f9.jpg,1925,f9
CV10477_19251214,desvouges_CV10477_19251214_f3.jpg,1925,f3
CV10479_19251214,Lair-Dubreuil_CV10479_19251214_f1.jpg,1925,f1
CV10479_19251214,Lair-Dubreuil_CV10479_19251214_f13.jpg,1925,f13
CV10524_19251221,Lair-Dubreuil_CV10524_19251221_f28.jpg,1925,f28
CV10524_19251221,Lair-Dubreuil_CV10524_19251221_f5.jpg,1925,f5
CV10555_19260114,Lair-Dubreuil_CV10555_19260114_f15.jpg,1926,f15
CV10555_19260114,Lair-Dubreuil_CV10555_19260114_f20.jpg,1926,f20
CV10580_19260125,desvouges_CV10580_19260125_f2.jpg,1926,f2
CV10580_19260125,desvouges_CV10580_19260125_f1.jpg,1926,f1
CV10613_19260204,Lair-Dubreuil_CV10613_19260204_f10.jpg,1926,f10
CV10613_19260204,Lair-Dubreuil_CV10613_19260204_f8.jpg,1926,f8
CV10630_19260210,Lair-Dubreuil_CV10630_19260210_f13.jpg,1926,f13
CV10630_19260210,Lair-Dubreuil_CV10630_19260210_f9.jpg,1926,f9
CV10641_19260213,Lair-Dubreuil_CV10641_19260213_f9.jpg,1926,f9
CV10641_19260213,Lair-Dubreuil_CV10641_19260213_f1.jpg,1926,f1
CV10669_19260222,Lair-Dubreuil_CV10669_19260222_f11.jpg,1926,f11
CV10669_19260222,Lair-Dubreuil_CV10669_19260222_f27.jpg,1926,f27
CV10709_19260306,Lair-Dubreuil_CV10709_19260306_f8.jpg,1926,f8
CV10709_19260306,Lair-Dubreuil_CV10709_19260306_f9.jpg,1926,f9
CV10732_19260312,Lair-Dubreuil_CV10732_19260312_f7.jpg,1926,f7
CV10732_19260312,Lair-Dubreuil_CV10732_19260312_f18.jpg,1926,f18
CV10752_19260318,Lair-Dubreuil_CV10752_19260318_f4.jpg,1926,f4
CV10752_19260318,Lair-Dubreuil_CV10752_19260318_f7.jpg,1926,f7
CV10823_19260414,Lair-Dubreuil_CV10823_19260414_f2.jpg,1926,f2
CV10823_19260414,Lair-Dubreuil_CV10823_19260414_f3.jpg,1926,f3
CV10832_19260416,Lair-Dubreuil_CV10832_19260416_f9.jpg,1926,f9
CV10832_19260416,Lair-Dubreuil_CV10832_19260416_f4.jpg,1926,f4
CV10839_19260417,Lair-Dubreuil_CV10839_19260417_f6.jpg,1926,f6
CV10839_19260417,Lair-Dubreuil_CV10839_19260417_f5.jpg,1926,f5
CVP03195_19160629,desvouges_CVP03195_19160629_f32.jpg,1916,f32
CVP03195_19160629,desvouges_CVP03195_19160629_f21.jpg,1916,f21
CVP03200_19171025,desvouges_CVP03200_19171025_f31.jpg,1917,f31
CVP03200_19171025,desvouges_CVP03200_19171025_f32.jpg,1917,f32
CVP03202_19171215,desvouges_CVP03202_19171215_f11.jpg,1917,f11
CVP03202_19171215,desvouges_CVP03202_19171215_f22.jpg,1917,f22
CVP03249_19240407,Lair-Dubreuil_CVP03249_19240407_f4.jpg,1924,f4
CVP03249_19240407,Lair-Dubreuil_CVP03249_19240407_f31.jpg,1924,f31
CVP03250_19240411,Lair-Dubreuil_CVP03250_19240411_f15.jpg,1924,f15
CVP03250_19240411,Lair-Dubreuil_CVP03250_19240411_f6.jpg,1924,f6
CVP03254_19250508,Lair-Dubreuil_CVP03254_19250508_f124.jpg,1925,f124
CVP03254_19250508,Lair-Dubreuil_CVP03254_19250508_f1.jpg,1925,f1
CVP03258_19250612,Lair-Dubreuil_CVP03258_19250612_f177.jpg,1925,f177
CVP03258_19250612,Lair-Dubreuil_CVP03258_19250612_f93.jpg,1925,f93
